$MeshFormat
4.1 0 8
$EndMeshFormat
$PhysicalNames
12
0 10 "PointsFixed"
0 11 "PointsFree"
1 20 "CurveBase"
1 21 "CurvePosZ"
1 22 "CurveNegZ"
1 23 "CurveConnecting"
2 30 "SurfaceBase"
2 31 "SurfacePosZ"
2 32 "SurfaceNegZ"
2 33 "SurfaceFree"
2 34 "SurfaceTraction"
3 40 "VolumeDomain"
$EndPhysicalNames
$Entities
12 18 8 1
1 0 1.2 0 1 10 
2 0 0 0 1 11 
3 0.9591173881132673 0.8229393589754044 0 1 11 
4 0.9940000000000002 0.8988322161182615 0 1 11 
5 0.9940000000000003 1.1 0 1 11 
6 0.894 1.2 0 1 11 
7 0 1.2 1.2 1 11 
8 0 0 1.2 1 11 
9 0.9591173881132673 0.8229393589754044 1.2 1 11 
10 0.9940000000000002 0.8988322161182615 1.2 1 11 
11 0.9940000000000003 1.1 1.2 1 11 
12 0.894 1.2 1.2 1 11 
1 -1e-07 -9.999999994736442e-08 -1e-07 1e-07 1.2000001 1e-07 1 20 2 1 -2 
2 -1.000000001138979e-07 -1.000000001138979e-07 -1e-07 0.9591174881132672 0.8229394589754044 1e-07 1 22 2 2 -3 
3 0.9591172881132674 0.8229392589754044 -1e-07 0.9940000999999999 0.8988323161182614 1e-07 1 22 2 3 -4 
4 0.9939999000000002 0.8988321161182615 -1e-07 0.9940001000000003 1.1000001 1e-07 1 22 2 4 -5 
5 0.8939999000000001 1.0999999 -1e-07 0.9940001000000003 1.2000001 1e-07 1 22 2 5 -6 
6 -1.000000000028756e-07 1.1999999 -1e-07 0.8940001 1.2000001 1e-07 1 22 2 6 -1 
7 -1e-07 1.1999999 -9.999999994736442e-08 1e-07 1.2000001 1.2000001 1 20 2 1 -7 
8 -1e-07 -1e-07 -9.999999994736442e-08 1e-07 1e-07 1.2000001 1 20 2 2 -8 
9 -1e-07 -9.999999994736442e-08 1.1999999 1e-07 1.2000001 1.2000001 1 20 2 7 -8 
10 0.9591172881132674 0.8229392589754044 -9.999999994736442e-08 0.9591174881132672 0.8229394589754043 1.2000001 1 23 2 3 -9 
11 -1.000000001138979e-07 -1.000000001138979e-07 1.1999999 0.9591174881132672 0.8229394589754044 1.2000001 1 21 2 8 -9 
12 0.9939999000000003 0.8988321161182615 -9.999999994736442e-08 0.9940001000000002 0.8988323161182614 1.2000001 1 23 2 4 -10 
13 0.9591172881132674 0.8229392589754044 1.1999999 0.9940000999999999 0.8988323161182614 1.2000001 1 21 2 9 -10 
14 0.9939999000000004 1.0999999 -9.999999994736442e-08 0.9940001000000003 1.1000001 1.2000001 1 23 2 5 -11 
15 0.9939999000000002 0.8988321161182615 1.1999999 0.9940001000000003 1.1000001 1.2000001 1 21 2 10 -11 
16 0.8939999000000001 1.1999999 -9.999999994736442e-08 0.8940001 1.2000001 1.2000001 1 23 2 6 -12 
17 0.8939999000000001 1.0999999 1.1999999 0.9940001000000003 1.2000001 1.2000001 1 21 2 11 -12 
18 -1.000000000028756e-07 1.1999999 1.1999999 0.8940001 1.2000001 1.2000001 1 21 2 12 -7 
1 -1.000000001138979e-07 -1.000000000583867e-07 -1e-07 0.9940001000000003 1.2000001 1e-07 1 32 6 -6 -5 -4 -3 -2 -1 
2 -1e-07 -9.999999994736442e-08 -9.999999994736442e-08 1e-07 1.2000001 1.2000001 1 30 4 7 9 -8 -1 
3 -1.000000001138979e-07 -1.000000001138979e-07 -9.999999994736442e-08 0.9591174881132672 0.8229394589754044 1.2000001 1 33 4 8 11 -10 -2 
4 0.9591172881132674 0.8229392589754044 -9.999999994736442e-08 0.9940000999999999 0.8988323161182614 1.2000001 1 33 4 10 13 -12 -3 
5 0.9939999000000002 0.8988321161182615 -9.999999994736442e-08 0.9940001000000003 1.1000001 1.2000001 1 34 4 12 15 -14 -4 
6 0.8939999000000001 1.0999999 -9.999999994736442e-08 0.9940001000000003 1.2000001 1.2000001 1 33 4 14 17 -16 -5 
7 -1.000000000028756e-07 1.1999999 -9.999999994736442e-08 0.8940001 1.2000001 1.2000001 1 33 4 16 18 -7 -6 
8 -1.000000001138979e-07 -1.000000000583867e-07 1.1999999 0.9940001000000003 1.2000001 1.2000001 1 31 6 -18 -17 -15 -13 -11 -9 
1 -1.000000001138979e-07 -1.000000000583867e-07 -9.999999994736442e-08 0.9940001000000003 1.2000001 1.2000001 1 40 8 -2 -3 -4 -5 -6 -7 1 -8 
$EndEntities
$Nodes
39 2255 1 2255
0 1 0 1
1
0 1.2 0
0 2 0 1
2
0 0 0
0 3 0 1
3
0.9591173881132673 0.8229393589754044 0
0 4 0 1
4
0.9940000000000002 0.8988322161182615 0
0 5 0 1
5
0.9940000000000003 1.1 0
0 6 0 1
6
0.894 1.2 0
0 7 0 1
7
0 1.2 1.2
0 8 0 1
8
0 0 1.2
0 9 0 1
9
0.9591173881132673 0.8229393589754044 1.2
0 10 0 1
10
0.9940000000000002 0.8988322161182615 1.2
0 11 0 1
11
0.9940000000000003 1.1 1.2
0 12 0 1
12
0.894 1.2 1.2
1 1 0 15
13
14
15
16
17
18
19
20
21
22
23
24
25
26
27
0 1.125 0
0 1.05 0
0 0.9750000000000004 0
0 0.9000000000000006 0
0 0.8250000000000006 0
0 0.7500000000000006 0
0 0.6750000000000005 0
0 0.6000000000000003 0
0 0.5250000000000001 0
0 0.4500000000000001 0
0 0.3750000000000001 0
0 0.3 0
0 0.225 0
0 0.15 0
0 0.07500000000000001 0
1 2 0 15
28
29
30
31
32
33
34
35
36
37
38
39
40
41
42
0.05994483675707907 0.05143370993596263 0
0.1198896735141582 0.1028674198719254 0
0.1798345102712373 0.1543011298078881 0
0.2397793470283164 0.2057348397438507 0
0.2997241837853954 0.2571685496798134 0
0.3596690205424745 0.3086022596157761 0
0.4196138572995538 0.3600359695517389 0
0.479558694056633 0.4114696794877017 0
0.5395035308137122 0.4629033894236644 0
0.5994483675707913 0.5143370993596272 0
0.6593932043278705 0.56577080929559 0
0.7193380410849499 0.6172045192315528 0
0.7792828778420291 0.6686382291675157 0
0.8392277145991083 0.7200719391034784 0
0.8991725513561878 0.7715056490394414 0
1 3 0 3
43
44
45
0.9738347876581034 0.8386125625192451 0
0.9848618148930747 0.8570694265282852 0
0.991688744206555 0.8774567803251305 0
1 4 0 3
46
47
48
0.9940000000000002 0.9491241620886961 0
0.9940000000000002 0.9994161080591307 0
0.9940000000000003 1.049708054029565 0
1 5 0 3
49
50
51
0.986387953251129 1.138268343236509 0
0.9647106781186552 1.170710678118655 0
0.9322683432365092 1.192387953251129 0
1 6 0 11
52
53
54
55
56
57
58
59
60
61
62
0.8195000000000001 1.2 0
0.7450000000000001 1.2 0
0.6705000000000003 1.2 0
0.5960000000000004 1.2 0
0.5215000000000005 1.2 0
0.4470000000000006 1.2 0
0.3725000000000006 1.2 0
0.2980000000000007 1.2 0
0.2235000000000005 1.2 0
0.1490000000000004 1.2 0
0.0745000000000002 1.2 0
1 7 0 9
63
64
65
66
67
68
69
70
71
0 1.2 0.12
0 1.2 0.24
0 1.2 0.36
0 1.2 0.48
0 1.2 0.6
0 1.2 0.72
0 1.2 0.84
0 1.2 0.96
0 1.2 1.08
1 8 0 9
72
73
74
75
76
77
78
79
80
0 0 0.12
0 0 0.24
0 0 0.36
0 0 0.48
0 0 0.6
0 0 0.72
0 0 0.84
0 0 0.96
0 0 1.08
1 9 0 15
81
82
83
84
85
86
87
88
89
90
91
92
93
94
95
0 1.125 1.2
0 1.05 1.2
0 0.9750000000000004 1.2
0 0.9000000000000006 1.2
0 0.8250000000000006 1.2
0 0.7500000000000006 1.2
0 0.6750000000000005 1.2
0 0.6000000000000003 1.2
0 0.5250000000000001 1.2
0 0.4500000000000001 1.2
0 0.3750000000000001 1.2
0 0.3 1.2
0 0.225 1.2
0 0.15 1.2
0 0.07500000000000001 1.2
1 10 0 9
96
97
98
99
100
101
102
103
104
0.9591173881132673 0.8229393589754044 0.12
0.9591173881132673 0.8229393589754044 0.24
0.9591173881132673 0.8229393589754044 0.36
0.9591173881132673 0.8229393589754044 0.48
0.9591173881132673 0.8229393589754044 0.6
0.9591173881132673 0.8229393589754044 0.72
0.9591173881132673 0.8229393589754044 0.84
0.9591173881132673 0.8229393589754044 0.96
0.9591173881132673 0.8229393589754044 1.08
1 11 0 15
105
106
107
108
109
110
111
112
113
114
115
116
117
118
119
0.05994483675707907 0.05143370993596263 1.2
0.1198896735141582 0.1028674198719254 1.2
0.1798345102712373 0.1543011298078881 1.2
0.2397793470283164 0.2057348397438507 1.2
0.2997241837853954 0.2571685496798134 1.2
0.3596690205424745 0.3086022596157761 1.2
0.4196138572995538 0.3600359695517389 1.2
0.479558694056633 0.4114696794877017 1.2
0.5395035308137122 0.4629033894236644 1.2
0.5994483675707913 0.5143370993596272 1.2
0.6593932043278705 0.56577080929559 1.2
0.7193380410849499 0.6172045192315528 1.2
0.7792828778420291 0.6686382291675157 1.2
0.8392277145991083 0.7200719391034784 1.2
0.8991725513561878 0.7715056490394414 1.2
1 12 0 9
120
121
122
123
124
125
126
127
128
0.9940000000000002 0.8988322161182615 0.12
0.9940000000000002 0.8988322161182615 0.24
0.9940000000000002 0.8988322161182615 0.36
0.9940000000000002 0.8988322161182615 0.48
0.9940000000000002 0.8988322161182615 0.6
0.9940000000000002 0.8988322161182615 0.72
0.9940000000000002 0.8988322161182615 0.84
0.9940000000000002 0.8988322161182615 0.96
0.9940000000000002 0.8988322161182615 1.08
1 13 0 3
129
130
131
0.9738347876581034 0.8386125625192451 1.2
0.9848618148930747 0.8570694265282852 1.2
0.991688744206555 0.8774567803251305 1.2
1 14 0 9
132
133
134
135
136
137
138
139
140
0.9940000000000003 1.1 0.12
0.9940000000000003 1.1 0.24
0.9940000000000003 1.1 0.36
0.9940000000000003 1.1 0.48
0.9940000000000003 1.1 0.6
0.9940000000000003 1.1 0.72
0.9940000000000003 1.1 0.84
0.9940000000000003 1.1 0.96
0.9940000000000003 1.1 1.08
1 15 0 3
141
142
143
0.9940000000000002 0.9491241620886961 1.2
0.9940000000000002 0.9994161080591307 1.2
0.9940000000000003 1.049708054029565 1.2
1 16 0 9
144
145
146
147
148
149
150
151
152
0.894 1.2 0.12
0.894 1.2 0.24
0.894 1.2 0.36
0.894 1.2 0.48
0.894 1.2 0.6
0.894 1.2 0.72
0.894 1.2 0.84
0.894 1.2 0.96
0.894 1.2 1.08
1 17 0 3
153
154
155
0.986387953251129 1.138268343236509 1.2
0.9647106781186552 1.170710678118655 1.2
0.9322683432365092 1.192387953251129 1.2
1 18 0 11
156
157
158
159
160
161
162
163
164
165
166
0.8195000000000001 1.2 1.2
0.7450000000000001 1.2 1.2
0.6705000000000003 1.2 1.2
0.5960000000000004 1.2 1.2
0.5215000000000005 1.2 1.2
0.4470000000000006 1.2 1.2
0.3725000000000006 1.2 1.2
0.2980000000000007 1.2 1.2
0.2235000000000005 1.2 1.2
0.1490000000000004 1.2 1.2
0.0745000000000002 1.2 1.2
2 1 0 149
167
168
169
170
171
172
173
174
175
176
177
178
179
180
181
182
183
184
185
186
187
188
189
190
191
192
193
194
195
196
197
198
199
200
201
202
203
204
205
206
207
208
209
210
211
212
213
214
215
216
217
218
219
220
221
222
223
224
225
226
227
228
229
230
231
232
233
234
235
236
237
238
239
240
241
242
243
244
245
246
247
248
249
250
251
252
253
254
255
256
257
258
259
260
261
262
263
264
265
266
267
268
269
270
271
272
273
274
275
276
277
278
279
280
281
282
283
284
285
286
287
288
289
290
291
292
293
294
295
296
297
298
299
300
301
302
303
304
305
306
307
308
309
310
311
312
313
314
315
0.7503941342117639 1.00015712789799 0
0.1892591046173284 0.8067164883374782 0
0.4850035584714397 0.9109976664124717 0
0.300613027691333 0.4792864247770404 0
0.477088011765503 0.5816940780766011 0
0.4082095191782293 0.4406393680194323 0
0.496345115718937 0.508893304253671 0
0.2597807802476123 0.3469439548827878 0
0.3413397635229715 0.3655299116825715 0
0.1334991681511027 0.9970292007622193 0
0.07519235597597296 0.8649187073372164 0
0.06783780393440264 0.9698086304516751 0
0.1108760837381242 0.6980347801698824 0
0.062911804125242 0.7700402248074562 0
0.6724171891444415 1.100909444537174 0
0.3915756303933584 1.054119115505414 0
0.6231743371842324 0.9564758589956761 0
0.5332618503026268 1.077770249813041 0
0.8690751144874771 1.044529947993262 0
0.836355335585765 0.9005282652058233 0
0.9223487040675906 0.9521967774142278 0
0.3391340346878655 0.8632380443029306 0
0.250155848603307 1.028675788560645 0
0.136051179487366 0.3940252737657437 0
0.261281853627407 0.6345487114137747 0
0.1256989026861376 0.5451180302622651 0
0.5820725035338542 0.7720135282244154 0
0.4182932540669397 0.7093690266796007 0
0.7233673258587896 0.8373970835904065 0
0.8114053126467313 1.127670191809975 0
0.1298903987855171 0.2484720017954937 0
0.5478967416448641 0.5116152018066491 0
0.4522773174485832 0.4747663361365516 0
0.4438841066174312 0.426054523753567 0
0.4958904241311476 0.4688348627801081 0
0.5982130264252264 0.5994492986540769 0
0.48671656374222 0.545293691165136 0
0.5730548840350452 0.555532250230363 0
0.3544112734347812 0.4599628963982363 0
0.388850519728418 0.5304902514268208 0
0.4205639185885006 0.5026282937816862 0
0.2801969039694726 0.4131151898299141 0
0.3005602718852919 0.3562369332826797 0
0.3747746413506005 0.403084639851002 0
0.3274857726600365 0.408099914840458 0
0.350504392032723 0.3370660856491738 0
0.2497800636379643 0.2763393973133192 0
0.3001422278353436 0.3067027414812465 0
0.3971942493250771 0.3815603047013705 0
0.1613791363842155 0.9018728445498487 0
0.1006684860427527 0.9834189156069472 0
0.0715150799551878 0.9173636688944458 0
0.1322257302966506 0.8358175978373473 0
0.1164471081697017 0.9096182567221472 0
0.03391890196720138 1.009904315225838 0
0.06674958407555132 1.09851460038111 0
0.05033424302137635 1.054209457803474 0
0.03759617798798642 0.8824593536686085 0
0.0357575399775939 0.946181834447223 0
0.03145590206262094 0.7600201124037284 0
0.06905208005060748 0.8174794660723362 0
0.03452604002530368 0.8212397330361685 0
0.05543804186906209 0.6490173900849414 0
0.08689394393168304 0.7340375024886693 0
0.04344697196584146 0.7045187512443349 0
0.1500675941777263 0.7523756342536803 0
0.1095598371141669 0.7849275501630083 0
0.7114056616781027 1.050533286217582 0
0.6028395197235342 1.089339847175107 0
0.5782180937434296 1.017123054404359 0
0.6867842356979982 0.9783164934468329 0
0.6448118777107662 1.03382817031097 0
0.4901309251513137 1.138885124906521 0
0.634208594572221 1.150454722268587 0
0.5621697598617674 1.144669923587554 0
0.3447878151966796 1.127059557752707 0
0.4624187403479926 1.065944682659227 0
0.4174593701739966 1.132972341329614 0
0.5540889478278361 0.9337367627040739 0
0.4382895944323991 0.9825583909589428 0
0.5082538440879144 0.9998407226816507 0
0.9315375572437387 1.072264973996631 0
0.8957119092775339 0.9983633627037448 0
0.9581743520337954 0.9758064427366793 0
0.9448559546387671 1.024035708366655 0
0.7933747348987645 0.9503426965519065 0
0.8793520198266779 0.9263625213100256 0
0.8097346243496205 1.022343537945626 0
0.8445433220881492 0.9743530296278257 0
0.9536052594803327 0.9046331019712566 0
0.8977363618495161 0.8617338120906139 0
0.9265934037423906 0.8824875419146354 0
0.9749315481201752 0.9266316115309049 0
0.3208657394983326 1.04139745203303 0
0.2946449416455862 0.945956916431788 0
0.4120687965796526 0.8871178553577012 0
0.3664672680389927 0.9642576536953654 0
0.1995779243016537 1.114337894280323 0
0.2721828697491666 1.120698726016515 0
0.1918275083772049 1.012852494661432 0
0.1331637541886025 1.106426247330716 0
0.264196569652597 0.8349772663202044 0
0.2280120390149009 0.9239148804908184 0
0.068025589743683 0.3470126368828719 0
0.1308750410867517 0.4695716520140044 0
0.06284945134306874 0.4975590151311327 0
0.06543752054337593 0.4222858260070022 0
0.2809474406593701 0.5569175680954075 0
0.1934903781567723 0.5898333708380199 0
0.2183321035893495 0.4366558492713921 0
0.2059112408730609 0.5132446100547061 0
0.1182874932121308 0.6215764052160737 0
0.2252704791223678 0.7206325998756264 0
0.1717789861672493 0.6711045025458501 0
0.05914374660606536 0.573288202608037 0
0.650705272309402 0.6946090237279842 0
0.5001828788003969 0.740691277452008 0
0.4476906329162214 0.6455315523781009 0
0.5491979526128117 0.6700702880530425 0
0.3787136443774026 0.7863035354912656 0
0.533538031002647 0.8415055973184435 0
0.4561258376900247 0.8139045664048546 0
0.3397875538471733 0.6719588690466877 0
0.3019920617498851 0.753468067683446 0
0.3643190367877956 0.6012245602367542 0
0.6527199146963218 0.804705305907411 0
0.673270831521511 0.8969364712930414 0
0.603404431262079 0.8692210343057425 0
0.7812975202289489 0.7787345113469425 0
0.7160013962691755 0.7366717675374633 0
0.7798613307222774 0.8689626743981149 0
0.8395169410392326 0.8202341617187782 0
0.7333227832101378 0.9236395839224739 0
0.7419112508955865 1.114289818173574 0
0.7782026563233657 1.163835095904987 0
0.7062056254477934 1.157144909086787 0
0.8402402135671042 1.086100069901618 0
0.7758229376226035 1.0683166780596 0
0.8880579953826933 1.149190434964315 0
0.9133140834091166 1.112184206569064 0
0.8552354997799375 1.178111524578058 0
0.1248900361498376 0.1756697108337095 0
0.06494519939275856 0.1992360008977468 0
0.06244501807491887 0.1253348554168547 0
0.1948355895165647 0.2977079783391408 0
0.1873350498939009 0.2260045540735145 0
0.1329707891364416 0.3212486377806187 0
0.206583846552957 0.3671819138052664 0
0.06648539456822078 0.2731243188903094 0
2 2 0 135
316
317
318
319
320
321
322
323
324
325
326
327
328
329
330
331
332
333
334
335
336
337
338
339
340
341
342
343
344
345
346
347
348
349
350
351
352
353
354
355
356
357
358
359
360
361
362
363
364
365
366
367
368
369
370
371
372
373
374
375
376
377
378
379
380
381
382
383
384
385
386
387
388
389
390
391
392
393
394
395
396
397
398
399
400
401
402
403
404
405
406
407
408
409
410
411
412
413
414
415
416
417
418
419
420
421
422
423
424
425
426
427
428
429
430
431
432
433
434
435
436
437
438
439
440
441
442
443
444
445
446
447
448
449
450
0 1.05 0.24
0 1.05 0.48
0 1.05 0.72
0 1.05 0.96
0 0.9000000000000006 0.24
0 0.9000000000000006 0.48
0 0.9000000000000006 0.72
0 0.9000000000000006 0.96
0 0.7500000000000006 0.24
0 0.7500000000000006 0.48
0 0.7500000000000006 0.72
0 0.7500000000000006 0.96
0 0.6000000000000003 0.24
0 0.6000000000000003 0.48
0 0.6000000000000003 0.72
0 0.6000000000000003 0.96
0 0.4500000000000001 0.24
0 0.4500000000000001 0.48
0 0.4500000000000001 0.72
0 0.4500000000000001 0.96
0 0.3 0.24
0 0.3 0.48
0 0.3 0.72
0 0.3 0.96
0 0.15 0.24
0 0.15 0.48
0 0.15 0.72
0 0.15 0.96
0 1.05 0.12
0 1.125 0.24
0 1.125 0.12
0 1.05 0.36
0 1.125 0.48
0 1.125 0.36
0 1.05 0.6
0 1.125 0.72
0 1.125 0.6
0 1.05 0.84
0 1.125 0.96
0 1.125 0.84
0 1.05 1.08
0 1.125 1.08
0 0.9000000000000006 0.12
0 0.9750000000000004 0.24
0 0.9750000000000004 0.12
0 0.9000000000000006 0.36
0 0.9750000000000004 0.48
0 0.9750000000000004 0.36
0 0.9000000000000006 0.6
0 0.9750000000000004 0.72
0 0.9750000000000004 0.6
0 0.9000000000000006 0.84
0 0.9750000000000004 0.96
0 0.9750000000000004 0.84
0 0.9000000000000006 1.08
0 0.9750000000000004 1.08
0 0.7500000000000006 0.12
0 0.8250000000000006 0.24
0 0.8250000000000006 0.12
0 0.7500000000000006 0.36
0 0.8250000000000006 0.48
0 0.8250000000000006 0.36
0 0.7500000000000006 0.6
0 0.8250000000000006 0.72
0 0.8250000000000006 0.6
0 0.7500000000000006 0.84
0 0.8250000000000006 0.96
0 0.8250000000000006 0.84
0 0.7500000000000006 1.08
0 0.8250000000000006 1.08
0 0.6000000000000003 0.12
0 0.6750000000000005 0.24
0 0.6750000000000005 0.12
0 0.6000000000000003 0.36
0 0.6750000000000005 0.48
0 0.6750000000000005 0.36
0 0.6000000000000003 0.6
0 0.6750000000000005 0.72
0 0.6750000000000005 0.6
0 0.6000000000000003 0.84
0 0.6750000000000005 0.96
0 0.6750000000000005 0.84
0 0.6000000000000003 1.08
0 0.6750000000000005 1.08
0 0.4500000000000001 0.12
0 0.5250000000000001 0.24
0 0.5250000000000001 0.12
0 0.4500000000000001 0.36
0 0.5250000000000001 0.48
0 0.5250000000000001 0.36
0 0.4500000000000001 0.6
0 0.5250000000000001 0.72
0 0.5250000000000001 0.6
0 0.4500000000000001 0.84
0 0.5250000000000001 0.96
0 0.5250000000000001 0.84
0 0.4500000000000001 1.08
0 0.5250000000000001 1.08
0 0.3 0.12
0 0.375 0.24
0 0.375 0.12
0 0.3 0.36
0 0.375 0.48
0 0.3749999999999999 0.36
0 0.3 0.6
0 0.375 0.72
0 0.3749999999999999 0.6
0 0.3 0.84
0 0.375 0.96
0 0.3749999999999999 0.84
0 0.3 1.08
0 0.375 1.08
0 0.1499999999999999 0.12
0 0.225 0.24
0 0.225 0.12
0 0.1499999999999999 0.36
0 0.225 0.48
0 0.2249999999999999 0.36
0 0.1499999999999999 0.6
0 0.225 0.72
0 0.2249999999999999 0.6
0 0.1499999999999999 0.84
0 0.225 0.96
0 0.2249999999999999 0.84
0 0.1499999999999999 1.08
0 0.225 1.08
0 0.07499999999999996 0.24
0 0.07499999999999993 0.12
0 0.07499999999999996 0.48
0 0.0749999999999999 0.36
0 0.07499999999999996 0.72
0 0.0749999999999999 0.6
0 0.07499999999999996 0.96
0 0.0749999999999999 0.84
0 0.07499999999999993 1.08
2 3 0 135
451
452
453
454
455
456
457
458
459
460
461
462
463
464
465
466
467
468
469
470
471
472
473
474
475
476
477
478
479
480
481
482
483
484
485
486
487
488
489
490
491
492
493
494
495
496
497
498
499
500
501
502
503
504
505
506
507
508
509
510
511
512
513
514
515
516
517
518
519
520
521
522
523
524
525
526
527
528
529
530
531
532
533
534
535
536
537
538
539
540
541
542
543
544
545
546
547
548
549
550
551
552
553
554
555
556
557
558
559
560
561
562
563
564
565
566
567
568
569
570
571
572
573
574
575
576
577
578
579
580
581
582
583
584
585
0.1198896735141582 0.1028674198719254 0.24
0.1198896735141582 0.1028674198719254 0.48
0.1198896735141582 0.1028674198719254 0.72
0.1198896735141582 0.1028674198719254 0.96
0.2397793470283164 0.2057348397438507 0.24
0.2397793470283164 0.2057348397438507 0.48
0.2397793470283164 0.2057348397438507 0.72
0.2397793470283164 0.2057348397438507 0.96
0.3596690205424745 0.3086022596157761 0.24
0.3596690205424745 0.3086022596157761 0.48
0.3596690205424745 0.3086022596157761 0.72
0.3596690205424745 0.3086022596157761 0.96
0.479558694056633 0.4114696794877017 0.24
0.479558694056633 0.4114696794877017 0.48
0.479558694056633 0.4114696794877017 0.72
0.479558694056633 0.4114696794877017 0.96
0.5994483675707913 0.5143370993596272 0.24
0.5994483675707913 0.5143370993596272 0.48
0.5994483675707913 0.5143370993596272 0.72
0.5994483675707913 0.5143370993596272 0.96
0.7193380410849499 0.6172045192315528 0.24
0.7193380410849499 0.6172045192315528 0.48
0.7193380410849499 0.6172045192315528 0.72
0.7193380410849499 0.6172045192315528 0.96
0.8392277145991083 0.7200719391034784 0.24
0.8392277145991083 0.7200719391034784 0.48
0.8392277145991083 0.7200719391034784 0.72
0.8392277145991083 0.7200719391034784 0.96
0.1198896735141582 0.1028674198719254 0.12
0.05994483675707914 0.05143370993596271 0.24
0.0599448367570791 0.05143370993596268 0.12
0.1198896735141583 0.1028674198719254 0.36
0.05994483675707914 0.05143370993596271 0.48
0.05994483675707916 0.05143370993596273 0.36
0.1198896735141583 0.1028674198719254 0.6
0.05994483675707914 0.05143370993596271 0.72
0.05994483675707916 0.05143370993596273 0.6
0.1198896735141583 0.1028674198719254 0.84
0.05994483675707914 0.05143370993596271 0.96
0.05994483675707916 0.05143370993596273 0.84
0.1198896735141582 0.1028674198719254 1.08
0.0599448367570791 0.05143370993596268 1.08
0.2397793470283163 0.2057348397438507 0.12
0.1798345102712373 0.1543011298078881 0.24
0.1798345102712373 0.1543011298078881 0.12
0.2397793470283164 0.2057348397438507 0.36
0.1798345102712373 0.1543011298078881 0.48
0.1798345102712373 0.1543011298078881 0.36
0.2397793470283164 0.2057348397438507 0.6
0.1798345102712373 0.1543011298078881 0.72
0.1798345102712373 0.1543011298078881 0.6
0.2397793470283164 0.2057348397438507 0.84
0.1798345102712373 0.1543011298078881 0.96
0.1798345102712373 0.1543011298078881 0.84
0.2397793470283163 0.2057348397438507 1.08
0.1798345102712373 0.1543011298078881 1.08
0.3596690205424746 0.3086022596157761 0.12
0.2997241837853954 0.2571685496798134 0.24
0.2997241837853954 0.2571685496798134 0.12
0.3596690205424746 0.3086022596157761 0.36
0.2997241837853954 0.2571685496798134 0.48
0.2997241837853955 0.2571685496798134 0.36
0.3596690205424746 0.3086022596157761 0.6
0.2997241837853954 0.2571685496798134 0.72
0.2997241837853955 0.2571685496798134 0.6
0.3596690205424746 0.3086022596157761 0.84
0.2997241837853954 0.2571685496798134 0.96
0.2997241837853955 0.2571685496798134 0.84
0.3596690205424746 0.3086022596157761 1.08
0.2997241837853954 0.2571685496798134 1.08
0.479558694056633 0.4114696794877017 0.12
0.4196138572995537 0.3600359695517389 0.24
0.4196138572995537 0.3600359695517389 0.12
0.479558694056633 0.4114696794877017 0.36
0.4196138572995537 0.3600359695517389 0.48
0.4196138572995537 0.3600359695517389 0.36
0.479558694056633 0.4114696794877017 0.6
0.4196138572995537 0.3600359695517389 0.72
0.4196138572995537 0.3600359695517389 0.6
0.479558694056633 0.4114696794877017 0.84
0.4196138572995537 0.3600359695517389 0.96
0.4196138572995537 0.3600359695517389 0.84
0.479558694056633 0.4114696794877017 1.08
0.4196138572995537 0.3600359695517389 1.08
0.5994483675707913 0.5143370993596272 0.12
0.5395035308137123 0.4629033894236645 0.24
0.5395035308137122 0.4629033894236645 0.12
0.5994483675707915 0.5143370993596272 0.36
0.5395035308137123 0.4629033894236645 0.48
0.5395035308137124 0.4629033894236645 0.36
0.5994483675707915 0.5143370993596272 0.6
0.5395035308137123 0.4629033894236645 0.72
0.5395035308137124 0.4629033894236645 0.6
0.5994483675707915 0.5143370993596272 0.84
0.5395035308137123 0.4629033894236645 0.96
0.5395035308137124 0.4629033894236645 0.84
0.5994483675707913 0.5143370993596272 1.08
0.5395035308137122 0.4629033894236645 1.08
0.7193380410849498 0.6172045192315528 0.12
0.6593932043278707 0.5657708092955901 0.24
0.6593932043278705 0.5657708092955901 0.12
0.7193380410849499 0.6172045192315528 0.36
0.6593932043278707 0.5657708092955901 0.48
0.6593932043278707 0.5657708092955902 0.36
0.7193380410849499 0.6172045192315528 0.6
0.6593932043278707 0.5657708092955901 0.72
0.6593932043278707 0.5657708092955902 0.6
0.7193380410849499 0.6172045192315528 0.84
0.6593932043278707 0.5657708092955901 0.96
0.6593932043278707 0.5657708092955902 0.84
0.7193380410849498 0.6172045192315528 1.08
0.6593932043278705 0.5657708092955901 1.08
0.8392277145991083 0.7200719391034784 0.12
0.7792828778420291 0.6686382291675157 0.24
0.7792828778420291 0.6686382291675157 0.12
0.8392277145991085 0.7200719391034786 0.36
0.7792828778420291 0.6686382291675157 0.48
0.7792828778420292 0.6686382291675157 0.36
0.8392277145991085 0.7200719391034786 0.6
0.7792828778420291 0.6686382291675157 0.72
0.7792828778420292 0.6686382291675157 0.6
0.8392277145991085 0.7200719391034786 0.84
0.7792828778420291 0.6686382291675157 0.96
0.7792828778420292 0.6686382291675157 0.84
0.8392277145991083 0.7200719391034784 1.08
0.7792828778420291 0.6686382291675157 1.08
0.8991725513561878 0.7715056490394414 0.24
0.8991725513561879 0.7715056490394414 0.12
0.8991725513561878 0.7715056490394414 0.48
0.899172551356188 0.7715056490394414 0.36
0.8991725513561878 0.7715056490394414 0.72
0.899172551356188 0.7715056490394414 0.6
0.8991725513561878 0.7715056490394414 0.96
0.899172551356188 0.7715056490394414 0.84
0.8991725513561879 0.7715056490394414 1.08
2 4 0 27
586
587
588
589
590
591
592
593
594
595
596
597
598
599
600
601
602
603
604
605
606
607
608
609
610
611
612
0.9848618148930747 0.8570694265282852 0.24
0.9848618148930747 0.8570694265282852 0.48
0.9848618148930747 0.8570694265282852 0.72
0.9848618148930747 0.8570694265282852 0.96
0.9848618148930747 0.8570694265282852 0.12
0.9738347876581034 0.8386125625192451 0.24
0.9738347876581033 0.8386125625192451 0.12
0.9848618148930747 0.8570694265282852 0.36
0.9738347876581034 0.8386125625192451 0.48
0.9738347876581033 0.8386125625192451 0.36
0.9848618148930747 0.8570694265282852 0.6
0.9738347876581034 0.8386125625192451 0.72
0.9738347876581033 0.8386125625192451 0.6
0.9848618148930747 0.8570694265282852 0.84
0.9738347876581034 0.8386125625192451 0.96
0.9738347876581033 0.8386125625192451 0.84
0.9848618148930747 0.8570694265282852 1.08
0.9738347876581033 0.8386125625192451 1.08
0.991688744206555 0.8774567803251306 0.24
0.991688744206555 0.8774567803251305 0.12
0.991688744206555 0.8774567803251306 0.48
0.991688744206555 0.8774567803251305 0.36
0.991688744206555 0.8774567803251306 0.72
0.991688744206555 0.8774567803251305 0.6
0.991688744206555 0.8774567803251306 0.96
0.991688744206555 0.8774567803251305 0.84
0.991688744206555 0.8774567803251305 1.08
2 5 0 27
613
614
615
616
617
618
619
620
621
622
623
624
625
626
627
628
629
630
631
632
633
634
635
636
637
638
639
0.9940000000000002 0.9994161080591307 0.24
0.9940000000000002 0.9994161080591307 0.48
0.9940000000000002 0.9994161080591307 0.72
0.9940000000000002 0.9994161080591307 0.96
0.9940000000000002 0.9994161080591307 0.12
0.9940000000000001 0.9491241620886961 0.24
0.9940000000000002 0.9491241620886961 0.12
0.9940000000000002 0.9994161080591307 0.36
0.9940000000000001 0.9491241620886961 0.48
0.9940000000000001 0.9491241620886961 0.36
0.9940000000000002 0.9994161080591307 0.6
0.9940000000000001 0.9491241620886961 0.72
0.9940000000000001 0.9491241620886961 0.6
0.9940000000000002 0.9994161080591307 0.84
0.9940000000000001 0.9491241620886961 0.96
0.9940000000000001 0.9491241620886961 0.84
0.9940000000000002 0.9994161080591307 1.08
0.9940000000000002 0.9491241620886961 1.08
0.9940000000000002 1.049708054029565 0.24
0.9940000000000003 1.049708054029565 0.12
0.9940000000000002 1.049708054029565 0.48
0.9940000000000002 1.049708054029565 0.36
0.9940000000000002 1.049708054029565 0.72
0.9940000000000002 1.049708054029565 0.6
0.9940000000000002 1.049708054029565 0.96
0.9940000000000002 1.049708054029565 0.84
0.9940000000000003 1.049708054029565 1.08
2 6 0 27
640
641
642
643
644
645
646
647
648
649
650
651
652
653
654
655
656
657
658
659
660
661
662
663
664
665
666
0.9647106781186552 1.170710678118655 0.24
0.9647106781186552 1.170710678118655 0.48
0.9647106781186552 1.170710678118655 0.72
0.9647106781186552 1.170710678118655 0.96
0.9647106781186552 1.170710678118655 0.12
0.986387953251129 1.138268343236509 0.24
0.986387953251129 1.138268343236509 0.12
0.9647106781186552 1.170710678118655 0.36
0.986387953251129 1.138268343236509 0.48
0.986387953251129 1.138268343236509 0.36
0.9647106781186552 1.170710678118655 0.6
0.986387953251129 1.138268343236509 0.72
0.986387953251129 1.138268343236509 0.6
0.9647106781186552 1.170710678118655 0.84
0.986387953251129 1.138268343236509 0.96
0.986387953251129 1.138268343236509 0.84
0.9647106781186552 1.170710678118655 1.08
0.986387953251129 1.138268343236509 1.08
0.9322683432365093 1.192387953251129 0.24
0.9322683432365092 1.192387953251129 0.12
0.9322683432365093 1.192387953251129 0.48
0.9322683432365093 1.192387953251129 0.36
0.9322683432365093 1.192387953251129 0.72
0.9322683432365093 1.192387953251129 0.6
0.9322683432365093 1.192387953251129 0.96
0.9322683432365093 1.192387953251129 0.84
0.9322683432365092 1.192387953251129 1.08
2 7 0 99
667
668
669
670
671
672
673
674
675
676
677
678
679
680
681
682
683
684
685
686
687
688
689
690
691
692
693
694
695
696
697
698
699
700
701
702
703
704
705
706
707
708
709
710
711
712
713
714
715
716
717
718
719
720
721
722
723
724
725
726
727
728
729
730
731
732
733
734
735
736
737
738
739
740
741
742
743
744
745
746
747
748
749
750
751
752
753
754
755
756
757
758
759
760
761
762
763
764
765
0.7450000000000001 1.2 0.24
0.7450000000000001 1.2 0.48
0.7450000000000001 1.2 0.72
0.7450000000000001 1.2 0.96
0.5960000000000004 1.2 0.24
0.5960000000000004 1.2 0.48
0.5960000000000004 1.2 0.72
0.5960000000000004 1.2 0.96
0.4470000000000006 1.2 0.24
0.4470000000000006 1.2 0.48
0.4470000000000006 1.2 0.72
0.4470000000000006 1.2 0.96
0.2980000000000007 1.2 0.24
0.2980000000000007 1.2 0.48
0.2980000000000007 1.2 0.72
0.2980000000000007 1.2 0.96
0.1490000000000004 1.2 0.24
0.1490000000000004 1.2 0.48
0.1490000000000004 1.2 0.72
0.1490000000000004 1.2 0.96
0.7450000000000001 1.2 0.12
0.8195000000000001 1.2 0.24
0.8195000000000001 1.200000000000001 0.12
0.7450000000000001 1.2 0.36
0.8195000000000001 1.2 0.48
0.8195000000000001 1.200000000000001 0.36
0.7450000000000001 1.2 0.6
0.8195000000000001 1.2 0.72
0.8195000000000001 1.200000000000001 0.6
0.7450000000000001 1.2 0.84
0.8195000000000001 1.2 0.96
0.8195000000000001 1.200000000000001 0.84
0.7450000000000001 1.2 1.08
0.8195000000000001 1.200000000000001 1.08
0.5960000000000004 1.2 0.12
0.6705000000000003 1.2 0.24
0.6705000000000003 1.2 0.12
0.5960000000000004 1.2 0.36
0.6705000000000003 1.2 0.48
0.6705000000000003 1.2 0.36
0.5960000000000004 1.2 0.6
0.6705000000000003 1.2 0.72
0.6705000000000003 1.2 0.6
0.5960000000000004 1.2 0.84
0.6705000000000003 1.2 0.96
0.6705000000000003 1.2 0.84
0.5960000000000004 1.2 1.08
0.6705000000000003 1.2 1.08
0.4470000000000006 1.2 0.12
0.5215000000000005 1.2 0.24
0.5215000000000005 1.200000000000001 0.12
0.4470000000000006 1.2 0.36
0.5215000000000005 1.2 0.48
0.5215000000000005 1.200000000000001 0.36
0.4470000000000006 1.2 0.6
0.5215000000000005 1.2 0.72
0.5215000000000005 1.200000000000001 0.6
0.4470000000000006 1.2 0.84
0.5215000000000005 1.2 0.96
0.5215000000000005 1.200000000000001 0.84
0.4470000000000006 1.2 1.08
0.5215000000000005 1.200000000000001 1.08
0.2980000000000006 1.2 0.12
0.3725000000000006 1.2 0.24
0.3725000000000006 1.2 0.12
0.2980000000000006 1.2 0.36
0.3725000000000006 1.2 0.48
0.3725000000000006 1.200000000000001 0.36
0.2980000000000006 1.2 0.6
0.3725000000000006 1.2 0.72
0.3725000000000006 1.200000000000001 0.6
0.2980000000000006 1.2 0.84
0.3725000000000006 1.2 0.96
0.3725000000000006 1.200000000000001 0.84
0.2980000000000006 1.2 1.08
0.3725000000000006 1.2 1.08
0.1490000000000004 1.2 0.12
0.2235000000000005 1.2 0.24
0.2235000000000004 1.2 0.12
0.1490000000000004 1.2 0.36
0.2235000000000005 1.2 0.48
0.2235000000000004 1.2 0.36
0.1490000000000004 1.2 0.6
0.2235000000000005 1.2 0.72
0.2235000000000004 1.2 0.6
0.1490000000000004 1.2 0.84
0.2235000000000005 1.2 0.96
0.2235000000000004 1.2 0.84
0.1490000000000004 1.2 1.08
0.2235000000000004 1.2 1.08
0.07450000000000012 1.2 0.24
0.07450000000000014 1.2 0.12
0.07450000000000012 1.2 0.48
0.07450000000000009 1.2 0.36
0.07450000000000012 1.2 0.72
0.07450000000000009 1.2 0.6
0.07450000000000012 1.2 0.96
0.07450000000000009 1.2 0.84
0.07450000000000014 1.2 1.08
2 8 0 149
766
767
768
769
770
771
772
773
774
775
776
777
778
779
780
781
782
783
784
785
786
787
788
789
790
791
792
793
794
795
796
797
798
799
800
801
802
803
804
805
806
807
808
809
810
811
812
813
814
815
816
817
818
819
820
821
822
823
824
825
826
827
828
829
830
831
832
833
834
835
836
837
838
839
840
841
842
843
844
845
846
847
848
849
850
851
852
853
854
855
856
857
858
859
860
861
862
863
864
865
866
867
868
869
870
871
872
873
874
875
876
877
878
879
880
881
882
883
884
885
886
887
888
889
890
891
892
893
894
895
896
897
898
899
900
901
902
903
904
905
906
907
908
909
910
911
912
913
914
0.7503941342117639 1.00015712789799 1.2
0.1892591046173284 0.8067164883374782 1.2
0.4850035584714397 0.9109976664124717 1.2
0.300613027691333 0.4792864247770404 1.2
0.477088011765503 0.5816940780766011 1.2
0.4082095191782293 0.4406393680194323 1.2
0.496345115718937 0.508893304253671 1.2
0.2597807802476123 0.3469439548827878 1.2
0.3413397635229715 0.3655299116825715 1.2
0.1334991681511027 0.9970292007622193 1.2
0.07519235597597296 0.8649187073372164 1.2
0.06783780393440264 0.9698086304516751 1.2
0.1108760837381242 0.6980347801698824 1.2
0.062911804125242 0.7700402248074562 1.2
0.6724171891444415 1.100909444537174 1.2
0.3915756303933584 1.054119115505414 1.2
0.6231743371842324 0.9564758589956761 1.2
0.5332618503026268 1.077770249813041 1.2
0.8690751144874771 1.044529947993262 1.2
0.836355335585765 0.9005282652058233 1.2
0.9223487040675906 0.9521967774142278 1.2
0.3391340346878655 0.8632380443029306 1.2
0.250155848603307 1.028675788560645 1.2
0.136051179487366 0.3940252737657437 1.2
0.261281853627407 0.6345487114137747 1.2
0.1256989026861376 0.5451180302622651 1.2
0.5820725035338542 0.7720135282244154 1.2
0.4182932540669397 0.7093690266796007 1.2
0.7233673258587896 0.8373970835904065 1.2
0.8114053126467313 1.127670191809975 1.2
0.1298903987855171 0.2484720017954937 1.2
0.5478967416448641 0.5116152018066491 1.2
0.4522773174485832 0.4747663361365516 1.2
0.4438841066174312 0.426054523753567 1.2
0.4958904241311476 0.4688348627801081 1.2
0.5982130264252264 0.5994492986540769 1.2
0.48671656374222 0.545293691165136 1.2
0.5730548840350452 0.555532250230363 1.2
0.3544112734347812 0.4599628963982363 1.2
0.388850519728418 0.5304902514268208 1.2
0.4205639185885006 0.5026282937816862 1.2
0.2801969039694726 0.4131151898299141 1.2
0.3005602718852919 0.3562369332826797 1.2
0.3747746413506005 0.403084639851002 1.2
0.3274857726600365 0.408099914840458 1.2
0.350504392032723 0.3370660856491738 1.2
0.2497800636379643 0.2763393973133192 1.2
0.3001422278353436 0.3067027414812465 1.2
0.3971942493250771 0.3815603047013705 1.2
0.1613791363842155 0.9018728445498487 1.2
0.1006684860427527 0.9834189156069473 1.2
0.0715150799551878 0.9173636688944458 1.2
0.1322257302966506 0.8358175978373473 1.2
0.1164471081697017 0.9096182567221472 1.2
0.03391890196720138 1.009904315225838 1.2
0.06674958407555132 1.09851460038111 1.2
0.05033424302137635 1.054209457803474 1.2
0.03759617798798642 0.8824593536686085 1.2
0.0357575399775939 0.946181834447223 1.2
0.03145590206262094 0.7600201124037284 1.2
0.06905208005060748 0.8174794660723363 1.2
0.03452604002530368 0.8212397330361685 1.2
0.05543804186906209 0.6490173900849414 1.2
0.08689394393168304 0.7340375024886693 1.2
0.04344697196584146 0.7045187512443349 1.2
0.1500675941777263 0.7523756342536803 1.2
0.1095598371141669 0.7849275501630083 1.2
0.7114056616781027 1.050533286217582 1.2
0.6028395197235341 1.089339847175107 1.2
0.5782180937434296 1.017123054404359 1.2
0.6867842356979982 0.9783164934468329 1.2
0.6448118777107662 1.03382817031097 1.2
0.4901309251513137 1.138885124906521 1.2
0.6342085945722209 1.150454722268587 1.2
0.5621697598617674 1.144669923587554 1.2
0.3447878151966796 1.127059557752707 1.2
0.4624187403479926 1.065944682659227 1.2
0.4174593701739966 1.132972341329614 1.2
0.5540889478278361 0.9337367627040739 1.2
0.4382895944323991 0.9825583909589428 1.2
0.5082538440879144 0.9998407226816507 1.2
0.9315375572437388 1.072264973996631 1.2
0.8957119092775339 0.9983633627037449 1.2
0.9581743520337954 0.9758064427366793 1.2
0.944855954638767 1.024035708366655 1.2
0.7933747348987645 0.9503426965519065 1.2
0.8793520198266778 0.9263625213100255 1.2
0.8097346243496205 1.022343537945626 1.2
0.8445433220881492 0.9743530296278257 1.2
0.9536052594803327 0.9046331019712566 1.2
0.8977363618495161 0.8617338120906138 1.2
0.9265934037423906 0.8824875419146353 1.2
0.9749315481201752 0.9266316115309049 1.2
0.3208657394983326 1.04139745203303 1.2
0.2946449416455862 0.945956916431788 1.2
0.4120687965796526 0.8871178553577012 1.2
0.3664672680389927 0.9642576536953654 1.2
0.1995779243016537 1.114337894280323 1.2
0.2721828697491666 1.120698726016515 1.2
0.1918275083772049 1.012852494661432 1.2
0.1331637541886025 1.106426247330716 1.2
0.264196569652597 0.8349772663202044 1.2
0.2280120390149009 0.9239148804908184 1.2
0.068025589743683 0.3470126368828719 1.2
0.1308750410867517 0.4695716520140044 1.2
0.06284945134306874 0.4975590151311327 1.2
0.06543752054337593 0.4222858260070022 1.2
0.2809474406593701 0.5569175680954075 1.2
0.1934903781567723 0.5898333708380199 1.2
0.2183321035893495 0.4366558492713921 1.2
0.2059112408730609 0.5132446100547061 1.2
0.1182874932121308 0.6215764052160737 1.2
0.2252704791223678 0.7206325998756264 1.2
0.1717789861672493 0.6711045025458501 1.2
0.05914374660606536 0.573288202608037 1.2
0.650705272309402 0.6946090237279841 1.2
0.5001828788003969 0.740691277452008 1.2
0.4476906329162214 0.6455315523781009 1.2
0.5491979526128117 0.6700702880530425 1.2
0.3787136443774026 0.7863035354912656 1.2
0.533538031002647 0.8415055973184435 1.2
0.4561258376900247 0.8139045664048545 1.2
0.3397875538471733 0.6719588690466877 1.2
0.3019920617498851 0.753468067683446 1.2
0.3643190367877956 0.6012245602367542 1.2
0.6527199146963218 0.804705305907411 1.2
0.673270831521511 0.8969364712930413 1.2
0.603404431262079 0.8692210343057425 1.2
0.7812975202289489 0.7787345113469425 1.2
0.7160013962691755 0.7366717675374633 1.2
0.7798613307222773 0.8689626743981149 1.2
0.8395169410392326 0.8202341617187782 1.2
0.7333227832101378 0.9236395839224739 1.2
0.7419112508955864 1.114289818173574 1.2
0.7782026563233657 1.163835095904987 1.2
0.7062056254477933 1.157144909086787 1.2
0.8402402135671042 1.086100069901618 1.2
0.7758229376226035 1.0683166780596 1.2
0.8880579953826933 1.149190434964315 1.2
0.9133140834091166 1.112184206569064 1.2
0.8552354997799375 1.178111524578058 1.2
0.1248900361498376 0.1756697108337095 1.2
0.06494519939275856 0.1992360008977468 1.2
0.06244501807491887 0.1253348554168547 1.2
0.1948355895165647 0.2977079783391408 1.2
0.1873350498939009 0.2260045540735145 1.2
0.1329707891364416 0.3212486377806187 1.2
0.206583846552957 0.3671819138052664 1.2
0.06648539456822078 0.2731243188903094 1.2
3 1 0 1341
915
916
917
918
919
920
921
922
923
924
925
926
927
928
929
930
931
932
933
934
935
936
937
938
939
940
941
942
943
944
945
946
947
948
949
950
951
952
953
954
955
956
957
958
959
960
961
962
963
964
965
966
967
968
969
970
971
972
973
974
975
976
977
978
979
980
981
982
983
984
985
986
987
988
989
990
991
992
993
994
995
996
997
998
999
1000
1001
1002
1003
1004
1005
1006
1007
1008
1009
1010
1011
1012
1013
1014
1015
1016
1017
1018
1019
1020
1021
1022
1023
1024
1025
1026
1027
1028
1029
1030
1031
1032
1033
1034
1035
1036
1037
1038
1039
1040
1041
1042
1043
1044
1045
1046
1047
1048
1049
1050
1051
1052
1053
1054
1055
1056
1057
1058
1059
1060
1061
1062
1063
1064
1065
1066
1067
1068
1069
1070
1071
1072
1073
1074
1075
1076
1077
1078
1079
1080
1081
1082
1083
1084
1085
1086
1087
1088
1089
1090
1091
1092
1093
1094
1095
1096
1097
1098
1099
1100
1101
1102
1103
1104
1105
1106
1107
1108
1109
1110
1111
1112
1113
1114
1115
1116
1117
1118
1119
1120
1121
1122
1123
1124
1125
1126
1127
1128
1129
1130
1131
1132
1133
1134
1135
1136
1137
1138
1139
1140
1141
1142
1143
1144
1145
1146
1147
1148
1149
1150
1151
1152
1153
1154
1155
1156
1157
1158
1159
1160
1161
1162
1163
1164
1165
1166
1167
1168
1169
1170
1171
1172
1173
1174
1175
1176
1177
1178
1179
1180
1181
1182
1183
1184
1185
1186
1187
1188
1189
1190
1191
1192
1193
1194
1195
1196
1197
1198
1199
1200
1201
1202
1203
1204
1205
1206
1207
1208
1209
1210
1211
1212
1213
1214
1215
1216
1217
1218
1219
1220
1221
1222
1223
1224
1225
1226
1227
1228
1229
1230
1231
1232
1233
1234
1235
1236
1237
1238
1239
1240
1241
1242
1243
1244
1245
1246
1247
1248
1249
1250
1251
1252
1253
1254
1255
1256
1257
1258
1259
1260
1261
1262
1263
1264
1265
1266
1267
1268
1269
1270
1271
1272
1273
1274
1275
1276
1277
1278
1279
1280
1281
1282
1283
1284
1285
1286
1287
1288
1289
1290
1291
1292
1293
1294
1295
1296
1297
1298
1299
1300
1301
1302
1303
1304
1305
1306
1307
1308
1309
1310
1311
1312
1313
1314
1315
1316
1317
1318
1319
1320
1321
1322
1323
1324
1325
1326
1327
1328
1329
1330
1331
1332
1333
1334
1335
1336
1337
1338
1339
1340
1341
1342
1343
1344
1345
1346
1347
1348
1349
1350
1351
1352
1353
1354
1355
1356
1357
1358
1359
1360
1361
1362
1363
1364
1365
1366
1367
1368
1369
1370
1371
1372
1373
1374
1375
1376
1377
1378
1379
1380
1381
1382
1383
1384
1385
1386
1387
1388
1389
1390
1391
1392
1393
1394
1395
1396
1397
1398
1399
1400
1401
1402
1403
1404
1405
1406
1407
1408
1409
1410
1411
1412
1413
1414
1415
1416
1417
1418
1419
1420
1421
1422
1423
1424
1425
1426
1427
1428
1429
1430
1431
1432
1433
1434
1435
1436
1437
1438
1439
1440
1441
1442
1443
1444
1445
1446
1447
1448
1449
1450
1451
1452
1453
1454
1455
1456
1457
1458
1459
1460
1461
1462
1463
1464
1465
1466
1467
1468
1469
1470
1471
1472
1473
1474
1475
1476
1477
1478
1479
1480
1481
1482
1483
1484
1485
1486
1487
1488
1489
1490
1491
1492
1493
1494
1495
1496
1497
1498
1499
1500
1501
1502
1503
1504
1505
1506
1507
1508
1509
1510
1511
1512
1513
1514
1515
1516
1517
1518
1519
1520
1521
1522
1523
1524
1525
1526
1527
1528
1529
1530
1531
1532
1533
1534
1535
1536
1537
1538
1539
1540
1541
1542
1543
1544
1545
1546
1547
1548
1549
1550
1551
1552
1553
1554
1555
1556
1557
1558
1559
1560
1561
1562
1563
1564
1565
1566
1567
1568
1569
1570
1571
1572
1573
1574
1575
1576
1577
1578
1579
1580
1581
1582
1583
1584
1585
1586
1587
1588
1589
1590
1591
1592
1593
1594
1595
1596
1597
1598
1599
1600
1601
1602
1603
1604
1605
1606
1607
1608
1609
1610
1611
1612
1613
1614
1615
1616
1617
1618
1619
1620
1621
1622
1623
1624
1625
1626
1627
1628
1629
1630
1631
1632
1633
1634
1635
1636
1637
1638
1639
1640
1641
1642
1643
1644
1645
1646
1647
1648
1649
1650
1651
1652
1653
1654
1655
1656
1657
1658
1659
1660
1661
1662
1663
1664
1665
1666
1667
1668
1669
1670
1671
1672
1673
1674
1675
1676
1677
1678
1679
1680
1681
1682
1683
1684
1685
1686
1687
1688
1689
1690
1691
1692
1693
1694
1695
1696
1697
1698
1699
1700
1701
1702
1703
1704
1705
1706
1707
1708
1709
1710
1711
1712
1713
1714
1715
1716
1717
1718
1719
1720
1721
1722
1723
1724
1725
1726
1727
1728
1729
1730
1731
1732
1733
1734
1735
1736
1737
1738
1739
1740
1741
1742
1743
1744
1745
1746
1747
1748
1749
1750
1751
1752
1753
1754
1755
1756
1757
1758
1759
1760
1761
1762
1763
1764
1765
1766
1767
1768
1769
1770
1771
1772
1773
1774
1775
1776
1777
1778
1779
1780
1781
1782
1783
1784
1785
1786
1787
1788
1789
1790
1791
1792
1793
1794
1795
1796
1797
1798
1799
1800
1801
1802
1803
1804
1805
1806
1807
1808
1809
1810
1811
1812
1813
1814
1815
1816
1817
1818
1819
1820
1821
1822
1823
1824
1825
1826
1827
1828
1829
1830
1831
1832
1833
1834
1835
1836
1837
1838
1839
1840
1841
1842
1843
1844
1845
1846
1847
1848
1849
1850
1851
1852
1853
1854
1855
1856
1857
1858
1859
1860
1861
1862
1863
1864
1865
1866
1867
1868
1869
1870
1871
1872
1873
1874
1875
1876
1877
1878
1879
1880
1881
1882
1883
1884
1885
1886
1887
1888
1889
1890
1891
1892
1893
1894
1895
1896
1897
1898
1899
1900
1901
1902
1903
1904
1905
1906
1907
1908
1909
1910
1911
1912
1913
1914
1915
1916
1917
1918
1919
1920
1921
1922
1923
1924
1925
1926
1927
1928
1929
1930
1931
1932
1933
1934
1935
1936
1937
1938
1939
1940
1941
1942
1943
1944
1945
1946
1947
1948
1949
1950
1951
1952
1953
1954
1955
1956
1957
1958
1959
1960
1961
1962
1963
1964
1965
1966
1967
1968
1969
1970
1971
1972
1973
1974
1975
1976
1977
1978
1979
1980
1981
1982
1983
1984
1985
1986
1987
1988
1989
1990
1991
1992
1993
1994
1995
1996
1997
1998
1999
2000
2001
2002
2003
2004
2005
2006
2007
2008
2009
2010
2011
2012
2013
2014
2015
2016
2017
2018
2019
2020
2021
2022
2023
2024
2025
2026
2027
2028
2029
2030
2031
2032
2033
2034
2035
2036
2037
2038
2039
2040
2041
2042
2043
2044
2045
2046
2047
2048
2049
2050
2051
2052
2053
2054
2055
2056
2057
2058
2059
2060
2061
2062
2063
2064
2065
2066
2067
2068
2069
2070
2071
2072
2073
2074
2075
2076
2077
2078
2079
2080
2081
2082
2083
2084
2085
2086
2087
2088
2089
2090
2091
2092
2093
2094
2095
2096
2097
2098
2099
2100
2101
2102
2103
2104
2105
2106
2107
2108
2109
2110
2111
2112
2113
2114
2115
2116
2117
2118
2119
2120
2121
2122
2123
2124
2125
2126
2127
2128
2129
2130
2131
2132
2133
2134
2135
2136
2137
2138
2139
2140
2141
2142
2143
2144
2145
2146
2147
2148
2149
2150
2151
2152
2153
2154
2155
2156
2157
2158
2159
2160
2161
2162
2163
2164
2165
2166
2167
2168
2169
2170
2171
2172
2173
2174
2175
2176
2177
2178
2179
2180
2181
2182
2183
2184
2185
2186
2187
2188
2189
2190
2191
2192
2193
2194
2195
2196
2197
2198
2199
2200
2201
2202
2203
2204
2205
2206
2207
2208
2209
2210
2211
2212
2213
2214
2215
2216
2217
2218
2219
2220
2221
2222
2223
2224
2225
2226
2227
2228
2229
2230
2231
2232
2233
2234
2235
2236
2237
2238
2239
2240
2241
2242
2243
2244
2245
2246
2247
2248
2249
2250
2251
2252
2253
2254
2255
0.7503941342117639 1.00015712789799 0.24
0.7503941342117639 1.00015712789799 0.48
0.7503941342117639 1.00015712789799 0.72
0.7503941342117639 1.00015712789799 0.96
0.1892591046173284 0.8067164883374782 0.24
0.1892591046173284 0.8067164883374782 0.48
0.1892591046173284 0.8067164883374782 0.72
0.1892591046173284 0.8067164883374782 0.96
0.4850035584714397 0.9109976664124717 0.24
0.4850035584714397 0.9109976664124717 0.48
0.4850035584714397 0.9109976664124717 0.72
0.4850035584714397 0.9109976664124717 0.96
0.300613027691333 0.4792864247770404 0.24
0.300613027691333 0.4792864247770404 0.48
0.300613027691333 0.4792864247770404 0.72
0.300613027691333 0.4792864247770404 0.96
0.477088011765503 0.5816940780766011 0.24
0.477088011765503 0.5816940780766011 0.48
0.477088011765503 0.5816940780766011 0.72
0.477088011765503 0.5816940780766011 0.96
0.4082095191782293 0.4406393680194323 0.24
0.4082095191782293 0.4406393680194323 0.48
0.4082095191782293 0.4406393680194323 0.72
0.4082095191782293 0.4406393680194323 0.96
0.496345115718937 0.508893304253671 0.24
0.496345115718937 0.508893304253671 0.48
0.496345115718937 0.508893304253671 0.72
0.496345115718937 0.508893304253671 0.96
0.2597807802476123 0.3469439548827878 0.24
0.2597807802476123 0.3469439548827878 0.48
0.2597807802476123 0.3469439548827878 0.72
0.2597807802476123 0.3469439548827878 0.96
0.3413397635229715 0.3655299116825715 0.24
0.3413397635229715 0.3655299116825715 0.48
0.3413397635229715 0.3655299116825715 0.72
0.3413397635229715 0.3655299116825715 0.96
0.1334991681511027 0.9970292007622193 0.24
0.1334991681511027 0.9970292007622193 0.48
0.1334991681511027 0.9970292007622193 0.72
0.1334991681511027 0.9970292007622193 0.96
0.07519235597597296 0.8649187073372164 0.24
0.07519235597597296 0.8649187073372164 0.48
0.07519235597597296 0.8649187073372164 0.72
0.07519235597597296 0.8649187073372164 0.96
0.06783780393440264 0.9698086304516751 0.24
0.06783780393440264 0.9698086304516751 0.48
0.06783780393440264 0.9698086304516751 0.72
0.06783780393440264 0.9698086304516751 0.96
0.1108760837381242 0.6980347801698824 0.24
0.1108760837381242 0.6980347801698824 0.48
0.1108760837381242 0.6980347801698824 0.72
0.1108760837381242 0.6980347801698824 0.96
0.062911804125242 0.7700402248074562 0.24
0.062911804125242 0.7700402248074562 0.48
0.062911804125242 0.7700402248074562 0.72
0.062911804125242 0.7700402248074562 0.96
0.6724171891444415 1.100909444537174 0.24
0.6724171891444415 1.100909444537174 0.48
0.6724171891444415 1.100909444537174 0.72
0.6724171891444415 1.100909444537174 0.96
0.3915756303933584 1.054119115505414 0.24
0.3915756303933584 1.054119115505414 0.48
0.3915756303933584 1.054119115505414 0.72
0.3915756303933584 1.054119115505414 0.96
0.6231743371842324 0.9564758589956761 0.24
0.6231743371842324 0.9564758589956761 0.48
0.6231743371842324 0.9564758589956761 0.72
0.6231743371842324 0.9564758589956761 0.96
0.5332618503026268 1.077770249813041 0.24
0.5332618503026268 1.077770249813041 0.48
0.5332618503026268 1.077770249813041 0.72
0.5332618503026268 1.077770249813041 0.96
0.8690751144874771 1.044529947993262 0.24
0.8690751144874771 1.044529947993262 0.48
0.8690751144874771 1.044529947993262 0.72
0.8690751144874771 1.044529947993262 0.96
0.836355335585765 0.9005282652058233 0.24
0.836355335585765 0.9005282652058233 0.48
0.836355335585765 0.9005282652058233 0.72
0.836355335585765 0.9005282652058233 0.96
0.9223487040675906 0.9521967774142278 0.24
0.9223487040675906 0.9521967774142278 0.48
0.9223487040675906 0.9521967774142278 0.72
0.9223487040675906 0.9521967774142278 0.96
0.3391340346878655 0.8632380443029306 0.24
0.3391340346878655 0.8632380443029306 0.48
0.3391340346878655 0.8632380443029306 0.72
0.3391340346878655 0.8632380443029306 0.96
0.250155848603307 1.028675788560645 0.24
0.250155848603307 1.028675788560645 0.48
0.250155848603307 1.028675788560645 0.72
0.250155848603307 1.028675788560645 0.96
0.136051179487366 0.3940252737657437 0.24
0.136051179487366 0.3940252737657437 0.48
0.136051179487366 0.3940252737657437 0.72
0.136051179487366 0.3940252737657437 0.96
0.261281853627407 0.6345487114137747 0.24
0.261281853627407 0.6345487114137747 0.48
0.261281853627407 0.6345487114137747 0.72
0.261281853627407 0.6345487114137747 0.96
0.1256989026861376 0.5451180302622651 0.24
0.1256989026861376 0.5451180302622651 0.48
0.1256989026861376 0.5451180302622651 0.72
0.1256989026861376 0.5451180302622651 0.96
0.5820725035338542 0.7720135282244154 0.24
0.5820725035338542 0.7720135282244154 0.48
0.5820725035338542 0.7720135282244154 0.72
0.5820725035338542 0.7720135282244154 0.96
0.4182932540669397 0.7093690266796007 0.24
0.4182932540669397 0.7093690266796007 0.48
0.4182932540669397 0.7093690266796007 0.72
0.4182932540669397 0.7093690266796007 0.96
0.7233673258587896 0.8373970835904065 0.24
0.7233673258587896 0.8373970835904065 0.48
0.7233673258587896 0.8373970835904065 0.72
0.7233673258587896 0.8373970835904065 0.96
0.8114053126467313 1.127670191809975 0.24
0.8114053126467313 1.127670191809975 0.48
0.8114053126467313 1.127670191809975 0.72
0.8114053126467313 1.127670191809975 0.96
0.1298903987855171 0.2484720017954937 0.24
0.1298903987855171 0.2484720017954937 0.48
0.1298903987855171 0.2484720017954937 0.72
0.1298903987855171 0.2484720017954937 0.96
0.496345115718937 0.508893304253671 0.12
0.4082095191782293 0.4406393680194323 0.12
0.4438841066174312 0.426054523753567 0.24
0.5478967416448641 0.5116152018066491 0.24
0.4522773174485832 0.4747663361365516 0.24
0.4438841066174311 0.426054523753567 0.12
0.5478967416448641 0.5116152018066491 0.12
0.4522773174485832 0.4747663361365516 0.12
0.4958904241311478 0.4688348627801081 0.24
0.4958904241311477 0.4688348627801081 0.12
0.496345115718937 0.508893304253671 0.36
0.4082095191782293 0.4406393680194323 0.36
0.4438841066174312 0.426054523753567 0.48
0.5478967416448641 0.5116152018066491 0.48
0.4522773174485832 0.4747663361365516 0.48
0.4438841066174311 0.426054523753567 0.36
0.5478967416448642 0.5116152018066491 0.36
0.4522773174485832 0.4747663361365516 0.36
0.4958904241311478 0.4688348627801081 0.48
0.4958904241311479 0.468834862780108 0.36
0.496345115718937 0.508893304253671 0.6
0.4082095191782293 0.4406393680194323 0.6
0.4438841066174312 0.426054523753567 0.72
0.5478967416448641 0.5116152018066491 0.72
0.4522773174485832 0.4747663361365516 0.72
0.4438841066174311 0.426054523753567 0.6
0.5478967416448642 0.5116152018066491 0.6
0.4522773174485832 0.4747663361365516 0.6
0.4958904241311478 0.4688348627801081 0.72
0.4958904241311479 0.468834862780108 0.6000000000000001
0.496345115718937 0.508893304253671 0.84
0.4082095191782293 0.4406393680194323 0.84
0.4438841066174312 0.426054523753567 0.96
0.5478967416448641 0.5116152018066491 0.96
0.4522773174485832 0.4747663361365516 0.96
0.4438841066174311 0.426054523753567 0.8400000000000001
0.5478967416448642 0.5116152018066491 0.84
0.4522773174485832 0.4747663361365516 0.84
0.4958904241311478 0.4688348627801081 0.96
0.4958904241311479 0.468834862780108 0.8400000000000001
0.496345115718937 0.508893304253671 1.08
0.4082095191782293 0.4406393680194323 1.08
0.4438841066174311 0.426054523753567 1.08
0.5478967416448641 0.5116152018066491 1.08
0.4522773174485832 0.4747663361365516 1.08
0.4958904241311477 0.4688348627801082 1.08
0.477088011765503 0.5816940780766011 0.12
0.5982130264252264 0.5994492986540769 0.24
0.48671656374222 0.545293691165136 0.24
0.5982130264252263 0.5994492986540769 0.12
0.48671656374222 0.545293691165136 0.12
0.5730548840350453 0.555532250230363 0.24
0.573054884035045 0.555532250230363 0.12
0.477088011765503 0.5816940780766011 0.36
0.5982130264252264 0.5994492986540769 0.48
0.48671656374222 0.545293691165136 0.48
0.5982130264252264 0.5994492986540769 0.36
0.48671656374222 0.545293691165136 0.36
0.5730548840350453 0.555532250230363 0.48
0.5730548840350455 0.5555322502303631 0.36
0.477088011765503 0.5816940780766011 0.6
0.5982130264252264 0.5994492986540769 0.72
0.48671656374222 0.545293691165136 0.72
0.5982130264252264 0.5994492986540769 0.6
0.48671656374222 0.545293691165136 0.6
0.5730548840350453 0.555532250230363 0.72
0.5730548840350455 0.5555322502303631 0.6000000000000001
0.477088011765503 0.5816940780766011 0.84
0.5982130264252264 0.5994492986540769 0.96
0.48671656374222 0.545293691165136 0.96
0.5982130264252264 0.5994492986540769 0.84
0.48671656374222 0.545293691165136 0.84
0.5730548840350453 0.555532250230363 0.96
0.5730548840350455 0.5555322502303631 0.8400000000000001
0.477088011765503 0.5816940780766011 1.08
0.5982130264252263 0.5994492986540769 1.08
0.48671656374222 0.545293691165136 1.08
0.5730548840350451 0.555532250230363 1.08
0.300613027691333 0.4792864247770404 0.12
0.3544112734347812 0.4599628963982363 0.24
0.388850519728418 0.5304902514268208 0.24
0.3544112734347812 0.4599628963982364 0.12
0.388850519728418 0.5304902514268208 0.12
0.4205639185885006 0.5026282937816862 0.24
0.4205639185885006 0.5026282937816862 0.12
0.300613027691333 0.4792864247770404 0.36
0.3544112734347812 0.4599628963982363 0.48
0.388850519728418 0.5304902514268208 0.48
0.3544112734347812 0.4599628963982364 0.36
0.388850519728418 0.5304902514268208 0.36
0.4205639185885006 0.5026282937816862 0.48
0.4205639185885006 0.5026282937816862 0.36
0.300613027691333 0.4792864247770404 0.6
0.3544112734347812 0.4599628963982363 0.72
0.388850519728418 0.5304902514268208 0.72
0.3544112734347812 0.4599628963982364 0.6
0.388850519728418 0.5304902514268208 0.6
0.4205639185885006 0.5026282937816862 0.72
0.4205639185885006 0.5026282937816862 0.6000000000000001
0.300613027691333 0.4792864247770404 0.84
0.3544112734347812 0.4599628963982363 0.96
0.388850519728418 0.5304902514268208 0.96
0.3544112734347812 0.4599628963982364 0.84
0.388850519728418 0.5304902514268208 0.8400000000000001
0.4205639185885006 0.5026282937816862 0.96
0.4205639185885006 0.5026282937816862 0.8400000000000001
0.300613027691333 0.4792864247770404 1.08
0.3544112734347812 0.4599628963982364 1.08
0.388850519728418 0.5304902514268208 1.08
0.4205639185885006 0.5026282937816862 1.08
0.2597807802476123 0.3469439548827878 0.12
0.3413397635229715 0.3655299116825715 0.12
0.2801969039694727 0.4131151898299141 0.24
0.3005602718852919 0.3562369332826797 0.24
0.3747746413506004 0.4030846398510019 0.24
0.2801969039694726 0.4131151898299141 0.12
0.3005602718852919 0.3562369332826797 0.12
0.3747746413506003 0.4030846398510018 0.12
0.3274857726600365 0.408099914840458 0.24
0.3274857726600364 0.408099914840458 0.12
0.2597807802476123 0.3469439548827878 0.36
0.3413397635229715 0.3655299116825715 0.36
0.2801969039694727 0.4131151898299141 0.48
0.3005602718852919 0.3562369332826797 0.48
0.3747746413506004 0.4030846398510019 0.48
0.2801969039694727 0.4131151898299141 0.36
0.3005602718852919 0.3562369332826797 0.36
0.3747746413506003 0.4030846398510018 0.36
0.3274857726600365 0.408099914840458 0.48
0.3274857726600364 0.408099914840458 0.36
0.2597807802476123 0.3469439548827878 0.6
0.3413397635229715 0.3655299116825715 0.6
0.2801969039694727 0.4131151898299141 0.72
0.3005602718852919 0.3562369332826797 0.72
0.3747746413506004 0.4030846398510019 0.72
0.2801969039694727 0.4131151898299141 0.6
0.3005602718852919 0.3562369332826797 0.6
0.3747746413506003 0.4030846398510018 0.6
0.3274857726600365 0.408099914840458 0.72
0.3274857726600364 0.408099914840458 0.6000000000000001
0.2597807802476123 0.3469439548827878 0.84
0.3413397635229715 0.3655299116825715 0.84
0.2801969039694727 0.4131151898299141 0.96
0.3005602718852919 0.3562369332826797 0.96
0.3747746413506004 0.4030846398510019 0.96
0.2801969039694727 0.4131151898299141 0.84
0.3005602718852919 0.3562369332826797 0.84
0.3747746413506003 0.4030846398510018 0.84
0.3274857726600365 0.408099914840458 0.96
0.3274857726600364 0.408099914840458 0.8400000000000001
0.2597807802476123 0.3469439548827878 1.08
0.3413397635229715 0.3655299116825715 1.08
0.2801969039694726 0.4131151898299141 1.08
0.3005602718852919 0.3562369332826797 1.08
0.3747746413506003 0.4030846398510018 1.08
0.3274857726600364 0.408099914840458 1.08
0.2497800636379643 0.2763393973133192 0.24
0.350504392032723 0.3370660856491738 0.24
0.2497800636379643 0.2763393973133192 0.12
0.350504392032723 0.3370660856491738 0.12
0.3001422278353437 0.3067027414812465 0.24
0.3001422278353436 0.3067027414812465 0.12
0.2497800636379643 0.2763393973133192 0.48
0.350504392032723 0.3370660856491738 0.48
0.2497800636379643 0.2763393973133192 0.36
0.350504392032723 0.3370660856491738 0.36
0.3001422278353437 0.3067027414812465 0.48
0.3001422278353437 0.3067027414812465 0.36
0.2497800636379643 0.2763393973133192 0.72
0.350504392032723 0.3370660856491738 0.72
0.2497800636379643 0.2763393973133192 0.6
0.350504392032723 0.3370660856491738 0.6
0.3001422278353437 0.3067027414812465 0.72
0.3001422278353437 0.3067027414812465 0.6000000000000001
0.2497800636379643 0.2763393973133192 0.96
0.350504392032723 0.3370660856491738 0.96
0.2497800636379643 0.2763393973133192 0.8400000000000001
0.350504392032723 0.3370660856491738 0.84
0.3001422278353437 0.3067027414812465 0.96
0.3001422278353437 0.3067027414812465 0.8400000000000001
0.2497800636379643 0.2763393973133192 1.08
0.350504392032723 0.3370660856491738 1.08
0.3001422278353436 0.3067027414812465 1.08
0.3971942493250771 0.3815603047013705 0.24
0.397194249325077 0.3815603047013705 0.12
0.3971942493250771 0.3815603047013705 0.48
0.397194249325077 0.3815603047013705 0.36
0.3971942493250771 0.3815603047013705 0.72
0.397194249325077 0.3815603047013705 0.6000000000000001
0.3971942493250771 0.3815603047013705 0.96
0.397194249325077 0.3815603047013705 0.8400000000000001
0.3971942493250769 0.3815603047013705 1.08
0.1892591046173284 0.8067164883374782 0.12
0.1334991681511027 0.9970292007622193 0.12
0.06783780393440264 0.9698086304516751 0.12
0.07519235597597296 0.8649187073372164 0.12
0.1613791363842156 0.9018728445498487 0.24
0.1322257302966507 0.8358175978373473 0.24
0.1006684860427527 0.9834189156069473 0.24
0.0715150799551878 0.9173636688944458 0.24
0.1613791363842156 0.9018728445498487 0.12
0.1322257302966507 0.8358175978373472 0.12
0.1006684860427527 0.9834189156069473 0.12
0.0715150799551878 0.9173636688944458 0.12
0.1164471081697017 0.9096182567221471 0.24
0.1164471081697017 0.9096182567221474 0.12
0.1892591046173284 0.8067164883374782 0.36
0.1334991681511027 0.9970292007622193 0.36
0.06783780393440264 0.9698086304516751 0.36
0.07519235597597296 0.8649187073372164 0.36
0.1613791363842156 0.9018728445498487 0.48
0.1322257302966507 0.8358175978373473 0.48
0.1006684860427527 0.9834189156069473 0.48
0.0715150799551878 0.9173636688944458 0.48
0.1613791363842156 0.9018728445498487 0.36
0.1322257302966507 0.8358175978373472 0.36
0.1006684860427527 0.9834189156069473 0.36
0.0715150799551878 0.9173636688944458 0.36
0.1164471081697017 0.9096182567221471 0.48
0.1164471081697017 0.9096182567221474 0.36
0.1892591046173284 0.8067164883374782 0.6
0.1334991681511027 0.9970292007622193 0.6
0.06783780393440264 0.9698086304516751 0.6
0.07519235597597296 0.8649187073372164 0.6
0.1613791363842156 0.9018728445498487 0.72
0.1322257302966507 0.8358175978373473 0.72
0.1006684860427527 0.9834189156069473 0.72
0.0715150799551878 0.9173636688944458 0.72
0.1613791363842156 0.9018728445498487 0.6
0.1322257302966507 0.8358175978373472 0.6
0.1006684860427527 0.9834189156069473 0.6
0.0715150799551878 0.9173636688944458 0.6
0.1164471081697017 0.9096182567221471 0.72
0.1164471081697017 0.9096182567221474 0.6000000000000001
0.1892591046173284 0.8067164883374782 0.84
0.1334991681511027 0.9970292007622193 0.84
0.06783780393440264 0.9698086304516751 0.84
0.07519235597597296 0.8649187073372164 0.84
0.1613791363842156 0.9018728445498487 0.96
0.1322257302966507 0.8358175978373473 0.96
0.1006684860427527 0.9834189156069473 0.96
0.0715150799551878 0.9173636688944458 0.96
0.1613791363842156 0.9018728445498487 0.84
0.1322257302966507 0.8358175978373472 0.8400000000000001
0.1006684860427527 0.9834189156069473 0.84
0.0715150799551878 0.9173636688944458 0.84
0.1164471081697017 0.9096182567221471 0.96
0.1164471081697017 0.9096182567221474 0.8400000000000001
0.1892591046173284 0.8067164883374782 1.08
0.1334991681511027 0.9970292007622193 1.08
0.06783780393440264 0.9698086304516751 1.08
0.07519235597597296 0.8649187073372164 1.08
0.1613791363842156 0.9018728445498487 1.08
0.1322257302966507 0.8358175978373472 1.08
0.1006684860427527 0.9834189156069473 1.08
0.0715150799551878 0.9173636688944458 1.08
0.1164471081697017 0.9096182567221474 1.08
0.06674958407555137 1.09851460038111 0.24
0.03391890196720132 1.009904315225838 0.24
0.06674958407555134 1.09851460038111 0.12
0.03391890196720135 1.009904315225838 0.12
0.05033424302137635 1.054209457803474 0.24
0.05033424302137635 1.054209457803474 0.12
0.06674958407555137 1.09851460038111 0.48
0.03391890196720132 1.009904315225838 0.48
0.06674958407555137 1.09851460038111 0.36
0.03391890196720132 1.009904315225838 0.36
0.05033424302137635 1.054209457803474 0.48
0.05033424302137635 1.054209457803474 0.36
0.06674958407555137 1.09851460038111 0.72
0.03391890196720132 1.009904315225838 0.72
0.06674958407555137 1.09851460038111 0.6
0.03391890196720132 1.009904315225838 0.6
0.05033424302137635 1.054209457803474 0.72
0.05033424302137635 1.054209457803474 0.6000000000000001
0.06674958407555137 1.09851460038111 0.96
0.03391890196720132 1.009904315225838 0.96
0.06674958407555137 1.09851460038111 0.8400000000000001
0.03391890196720132 1.009904315225838 0.84
0.05033424302137635 1.054209457803474 0.96
0.05033424302137635 1.054209457803474 0.8400000000000001
0.06674958407555134 1.09851460038111 1.08
0.03391890196720135 1.009904315225838 1.08
0.05033424302137635 1.054209457803474 1.08
0.03759617798798648 0.8824593536686085 0.24
0.03759617798798645 0.8824593536686085 0.12
0.0357575399775939 0.946181834447223 0.24
0.0357575399775939 0.946181834447223 0.12
0.03759617798798648 0.8824593536686085 0.48
0.03759617798798648 0.8824593536686085 0.36
0.0357575399775939 0.946181834447223 0.48
0.0357575399775939 0.946181834447223 0.36
0.03759617798798648 0.8824593536686085 0.72
0.03759617798798648 0.8824593536686085 0.6
0.0357575399775939 0.946181834447223 0.72
0.0357575399775939 0.946181834447223 0.6000000000000001
0.03759617798798648 0.8824593536686085 0.96
0.03759617798798648 0.8824593536686085 0.84
0.0357575399775939 0.946181834447223 0.96
0.0357575399775939 0.946181834447223 0.8400000000000001
0.03759617798798645 0.8824593536686085 1.08
0.0357575399775939 0.946181834447223 1.08
0.062911804125242 0.7700402248074562 0.12
0.031455902062621 0.7600201124037284 0.24
0.06905208005060748 0.8174794660723363 0.24
0.03145590206262097 0.7600201124037284 0.12
0.06905208005060748 0.8174794660723362 0.12
0.03452604002530374 0.8212397330361685 0.24
0.03452604002530371 0.8212397330361688 0.12
0.062911804125242 0.7700402248074562 0.36
0.031455902062621 0.7600201124037284 0.48
0.06905208005060748 0.8174794660723363 0.48
0.031455902062621 0.7600201124037284 0.36
0.06905208005060748 0.8174794660723363 0.36
0.03452604002530374 0.8212397330361685 0.48
0.03452604002530374 0.8212397330361685 0.36
0.062911804125242 0.7700402248074562 0.6
0.031455902062621 0.7600201124037284 0.72
0.06905208005060748 0.8174794660723363 0.72
0.031455902062621 0.7600201124037284 0.6
0.06905208005060748 0.8174794660723363 0.6
0.03452604002530374 0.8212397330361685 0.72
0.03452604002530374 0.8212397330361685 0.6000000000000001
0.062911804125242 0.7700402248074562 0.84
0.031455902062621 0.7600201124037284 0.96
0.06905208005060748 0.8174794660723363 0.96
0.031455902062621 0.7600201124037284 0.84
0.06905208005060748 0.8174794660723363 0.84
0.03452604002530374 0.8212397330361685 0.96
0.03452604002530374 0.8212397330361685 0.8400000000000001
0.062911804125242 0.7700402248074562 1.08
0.03145590206262097 0.7600201124037284 1.08
0.06905208005060748 0.8174794660723363 1.08
0.03452604002530371 0.8212397330361685 1.08
0.1108760837381242 0.6980347801698824 0.12
0.05543804186906209 0.6490173900849414 0.24
0.08689394393168309 0.7340375024886693 0.24
0.05543804186906209 0.6490173900849414 0.12
0.08689394393168307 0.7340375024886693 0.12
0.04344697196584155 0.7045187512443349 0.24
0.0434469719658415 0.7045187512443351 0.12
0.1108760837381242 0.6980347801698824 0.36
0.05543804186906209 0.6490173900849414 0.48
0.08689394393168309 0.7340375024886693 0.48
0.05543804186906209 0.6490173900849414 0.36
0.08689394393168309 0.7340375024886693 0.36
0.04344697196584155 0.7045187512443349 0.48
0.04344697196584155 0.7045187512443351 0.36
0.1108760837381242 0.6980347801698824 0.6
0.05543804186906209 0.6490173900849414 0.72
0.08689394393168309 0.7340375024886693 0.72
0.05543804186906209 0.6490173900849414 0.6
0.08689394393168309 0.7340375024886693 0.6
0.04344697196584155 0.7045187512443349 0.72
0.04344697196584155 0.7045187512443351 0.6000000000000001
0.1108760837381242 0.6980347801698824 0.84
0.05543804186906209 0.6490173900849414 0.96
0.08689394393168309 0.7340375024886693 0.96
0.05543804186906209 0.6490173900849414 0.84
0.08689394393168309 0.7340375024886693 0.84
0.04344697196584155 0.7045187512443349 0.96
0.04344697196584155 0.7045187512443351 0.8400000000000001
0.1108760837381242 0.6980347801698824 1.08
0.05543804186906209 0.6490173900849414 1.08
0.08689394393168307 0.7340375024886693 1.08
0.0434469719658415 0.7045187512443351 1.08
0.1500675941777263 0.7523756342536803 0.24
0.1500675941777263 0.7523756342536803 0.12
0.1095598371141669 0.7849275501630083 0.24
0.1095598371141669 0.7849275501630082 0.12
0.1500675941777263 0.7523756342536803 0.48
0.1500675941777263 0.7523756342536803 0.36
0.1095598371141669 0.7849275501630083 0.48
0.1095598371141669 0.7849275501630082 0.36
0.1500675941777263 0.7523756342536803 0.72
0.1500675941777263 0.7523756342536803 0.6
0.1095598371141669 0.7849275501630083 0.72
0.1095598371141669 0.7849275501630082 0.6000000000000001
0.1500675941777263 0.7523756342536803 0.96
0.1500675941777263 0.7523756342536803 0.8400000000000001
0.1095598371141669 0.7849275501630083 0.96
0.1095598371141669 0.7849275501630082 0.8400000000000002
0.1500675941777263 0.7523756342536803 1.08
0.1095598371141669 0.7849275501630082 1.08
0.7503941342117639 1.00015712789799 0.12
0.6724171891444415 1.100909444537174 0.12
0.5332618503026268 1.077770249813041 0.12
0.6231743371842324 0.9564758589956761 0.12
0.7114056616781027 1.050533286217582 0.24
0.6867842356979982 0.9783164934468329 0.24
0.6028395197235341 1.089339847175107 0.24
0.5782180937434296 1.017123054404359 0.24
0.7114056616781027 1.050533286217582 0.12
0.6867842356979983 0.9783164934468329 0.12
0.6028395197235342 1.089339847175107 0.12
0.5782180937434296 1.017123054404359 0.12
0.6448118777107662 1.03382817031097 0.24
0.6448118777107661 1.03382817031097 0.12
0.7503941342117639 1.00015712789799 0.36
0.6724171891444415 1.100909444537174 0.36
0.5332618503026268 1.077770249813041 0.36
0.6231743371842324 0.9564758589956761 0.36
0.7114056616781027 1.050533286217582 0.48
0.6867842356979982 0.9783164934468329 0.48
0.6028395197235341 1.089339847175107 0.48
0.5782180937434296 1.017123054404359 0.48
0.7114056616781027 1.050533286217582 0.36
0.6867842356979983 0.9783164934468329 0.36
0.6028395197235341 1.089339847175107 0.36
0.5782180937434296 1.017123054404359 0.36
0.6448118777107662 1.03382817031097 0.48
0.6448118777107661 1.03382817031097 0.36
0.7503941342117639 1.00015712789799 0.6
0.6724171891444415 1.100909444537174 0.6
0.5332618503026268 1.077770249813041 0.6
0.6231743371842324 0.9564758589956761 0.6
0.7114056616781027 1.050533286217582 0.72
0.6867842356979982 0.9783164934468329 0.72
0.6028395197235341 1.089339847175107 0.72
0.5782180937434296 1.017123054404359 0.72
0.7114056616781027 1.050533286217582 0.6
0.6867842356979983 0.9783164934468329 0.6
0.6028395197235341 1.089339847175107 0.6
0.5782180937434296 1.017123054404359 0.6
0.6448118777107662 1.03382817031097 0.72
0.6448118777107661 1.03382817031097 0.6000000000000001
0.7503941342117639 1.00015712789799 0.84
0.6724171891444415 1.100909444537174 0.84
0.5332618503026268 1.077770249813041 0.84
0.6231743371842324 0.9564758589956761 0.84
0.7114056616781027 1.050533286217582 0.96
0.6867842356979982 0.9783164934468329 0.96
0.6028395197235341 1.089339847175107 0.96
0.5782180937434296 1.017123054404359 0.96
0.7114056616781027 1.050533286217582 0.84
0.6867842356979983 0.9783164934468329 0.8400000000000001
0.6028395197235341 1.089339847175107 0.84
0.5782180937434296 1.017123054404359 0.84
0.6448118777107662 1.03382817031097 0.96
0.6448118777107661 1.03382817031097 0.8400000000000001
0.7503941342117639 1.00015712789799 1.08
0.6724171891444415 1.100909444537174 1.08
0.5332618503026268 1.077770249813041 1.08
0.6231743371842324 0.9564758589956761 1.08
0.7114056616781027 1.050533286217582 1.08
0.6867842356979983 0.9783164934468329 1.08
0.6028395197235341 1.089339847175107 1.08
0.5782180937434296 1.017123054404359 1.08
0.6448118777107661 1.03382817031097 1.08
0.6342085945722209 1.150454722268587 0.24
0.4901309251513137 1.138885124906521 0.24
0.634208594572221 1.150454722268587 0.12
0.4901309251513137 1.138885124906521 0.12
0.5621697598617672 1.144669923587554 0.24
0.5621697598617676 1.144669923587554 0.12
0.6342085945722209 1.150454722268587 0.48
0.4901309251513137 1.138885124906521 0.48
0.6342085945722209 1.150454722268587 0.36
0.4901309251513137 1.138885124906521 0.36
0.5621697598617672 1.144669923587554 0.48
0.5621697598617674 1.144669923587554 0.36
0.6342085945722209 1.150454722268587 0.72
0.4901309251513137 1.138885124906521 0.72
0.6342085945722209 1.150454722268587 0.6
0.4901309251513137 1.138885124906521 0.6
0.5621697598617672 1.144669923587554 0.72
0.5621697598617674 1.144669923587554 0.6000000000000001
0.6342085945722209 1.150454722268587 0.96
0.4901309251513137 1.138885124906521 0.96
0.6342085945722209 1.150454722268587 0.8400000000000001
0.4901309251513137 1.138885124906521 0.84
0.5621697598617672 1.144669923587554 0.96
0.5621697598617674 1.144669923587554 0.8400000000000001
0.6342085945722209 1.150454722268587 1.08
0.4901309251513137 1.138885124906521 1.08
0.5621697598617675 1.144669923587554 1.08
0.3915756303933584 1.054119115505414 0.12
0.3447878151966796 1.127059557752707 0.24
0.4624187403479926 1.065944682659227 0.24
0.3447878151966795 1.127059557752707 0.12
0.4624187403479926 1.065944682659227 0.12
0.4174593701739967 1.132972341329614 0.24
0.4174593701739967 1.132972341329614 0.12
0.3915756303933584 1.054119115505414 0.36
0.3447878151966796 1.127059557752707 0.48
0.4624187403479926 1.065944682659227 0.48
0.3447878151966795 1.127059557752707 0.36
0.4624187403479926 1.065944682659227 0.36
0.4174593701739967 1.132972341329614 0.48
0.4174593701739968 1.132972341329614 0.36
0.3915756303933584 1.054119115505414 0.6
0.3447878151966796 1.127059557752707 0.72
0.4624187403479926 1.065944682659227 0.72
0.3447878151966795 1.127059557752707 0.6
0.4624187403479926 1.065944682659227 0.6
0.4174593701739967 1.132972341329614 0.72
0.4174593701739968 1.132972341329614 0.6000000000000001
0.3915756303933584 1.054119115505414 0.84
0.3447878151966796 1.127059557752707 0.96
0.4624187403479926 1.065944682659227 0.96
0.3447878151966795 1.127059557752707 0.84
0.4624187403479926 1.065944682659227 0.84
0.4174593701739967 1.132972341329614 0.96
0.4174593701739968 1.132972341329614 0.8400000000000001
0.3915756303933584 1.054119115505414 1.08
0.3447878151966795 1.127059557752707 1.08
0.4624187403479926 1.065944682659227 1.08
0.4174593701739967 1.132972341329614 1.08
0.4850035584714397 0.9109976664124717 0.12
0.5540889478278361 0.9337367627040739 0.24
0.4382895944323991 0.9825583909589428 0.24
0.5540889478278361 0.9337367627040738 0.12
0.4382895944323991 0.9825583909589428 0.12
0.5082538440879143 0.9998407226816505 0.24
0.5082538440879145 0.9998407226816508 0.12
0.4850035584714397 0.9109976664124717 0.36
0.5540889478278361 0.9337367627040739 0.48
0.4382895944323991 0.9825583909589428 0.48
0.5540889478278361 0.9337367627040738 0.36
0.4382895944323991 0.9825583909589428 0.36
0.5082538440879143 0.9998407226816505 0.48
0.5082538440879144 0.9998407226816506 0.36
0.4850035584714397 0.9109976664124717 0.6
0.5540889478278361 0.9337367627040739 0.72
0.4382895944323991 0.9825583909589428 0.72
0.5540889478278361 0.9337367627040738 0.6
0.4382895944323991 0.9825583909589428 0.6
0.5082538440879143 0.9998407226816505 0.72
0.5082538440879144 0.9998407226816506 0.6000000000000001
0.4850035584714397 0.9109976664124717 0.84
0.5540889478278361 0.9337367627040739 0.96
0.4382895944323991 0.9825583909589428 0.96
0.5540889478278361 0.9337367627040738 0.84
0.4382895944323991 0.9825583909589428 0.8400000000000001
0.5082538440879143 0.9998407226816505 0.96
0.5082538440879144 0.9998407226816506 0.8400000000000001
0.4850035584714397 0.9109976664124717 1.08
0.5540889478278361 0.9337367627040738 1.08
0.4382895944323991 0.9825583909589428 1.08
0.5082538440879145 0.9998407226816506 1.08
0.8690751144874771 1.044529947993262 0.12
0.9223487040675906 0.9521967774142278 0.12
0.9315375572437388 1.072264973996631 0.24
0.8957119092775339 0.9983633627037449 0.24
0.9581743520337954 0.9758064427366793 0.24
0.9315375572437388 1.072264973996631 0.12
0.8957119092775339 0.9983633627037448 0.12
0.9581743520337955 0.9758064427366793 0.12
0.9448559546387671 1.024035708366655 0.24
0.9448559546387671 1.024035708366655 0.12
0.8690751144874771 1.044529947993262 0.36
0.9223487040675906 0.9521967774142278 0.36
0.9315375572437388 1.072264973996631 0.48
0.8957119092775339 0.9983633627037449 0.48
0.9581743520337954 0.9758064427366793 0.48
0.9315375572437388 1.072264973996631 0.36
0.8957119092775339 0.9983633627037449 0.36
0.9581743520337955 0.9758064427366793 0.36
0.9448559546387671 1.024035708366655 0.48
0.944855954638767 1.024035708366655 0.36
0.8690751144874771 1.044529947993262 0.6
0.9223487040675906 0.9521967774142278 0.6
0.9315375572437388 1.072264973996631 0.72
0.8957119092775339 0.9983633627037449 0.72
0.9581743520337954 0.9758064427366793 0.72
0.9315375572437388 1.072264973996631 0.6
0.8957119092775339 0.9983633627037449 0.6
0.9581743520337955 0.9758064427366793 0.6
0.9448559546387671 1.024035708366655 0.72
0.944855954638767 1.024035708366655 0.6000000000000001
0.8690751144874771 1.044529947993262 0.84
0.9223487040675906 0.9521967774142278 0.84
0.9315375572437388 1.072264973996631 0.96
0.8957119092775339 0.9983633627037449 0.96
0.9581743520337954 0.9758064427366793 0.96
0.9315375572437388 1.072264973996631 0.84
0.8957119092775339 0.9983633627037449 0.84
0.9581743520337955 0.9758064427366793 0.84
0.9448559546387671 1.024035708366655 0.96
0.944855954638767 1.024035708366655 0.8400000000000001
0.8690751144874771 1.044529947993262 1.08
0.9223487040675906 0.9521967774142278 1.08
0.9315375572437388 1.072264973996631 1.08
0.8957119092775339 0.9983633627037449 1.08
0.9581743520337955 0.9758064427366793 1.08
0.9448559546387668 1.024035708366655 1.08
0.836355335585765 0.9005282652058233 0.12
0.7933747348987645 0.9503426965519065 0.24
0.8097346243496205 1.022343537945626 0.24
0.8793520198266778 0.9263625213100255 0.24
0.7933747348987645 0.9503426965519065 0.12
0.8097346243496206 1.022343537945626 0.12
0.8793520198266778 0.9263625213100256 0.12
0.8445433220881493 0.9743530296278258 0.24
0.8445433220881493 0.9743530296278256 0.12
0.836355335585765 0.9005282652058233 0.36
0.7933747348987645 0.9503426965519065 0.48
0.8097346243496205 1.022343537945626 0.48
0.8793520198266778 0.9263625213100255 0.48
0.7933747348987645 0.9503426965519065 0.36
0.8097346243496206 1.022343537945626 0.36
0.8793520198266778 0.9263625213100255 0.36
0.8445433220881493 0.9743530296278258 0.48
0.8445433220881493 0.9743530296278256 0.36
0.836355335585765 0.9005282652058233 0.6
0.7933747348987645 0.9503426965519065 0.72
0.8097346243496205 1.022343537945626 0.72
0.8793520198266778 0.9263625213100255 0.72
0.7933747348987645 0.9503426965519065 0.6
0.8097346243496206 1.022343537945626 0.6
0.8793520198266778 0.9263625213100255 0.6
0.8445433220881493 0.9743530296278258 0.72
0.8445433220881493 0.9743530296278256 0.6000000000000001
0.836355335585765 0.9005282652058233 0.84
0.7933747348987645 0.9503426965519065 0.96
0.8097346243496205 1.022343537945626 0.96
0.8793520198266778 0.9263625213100255 0.96
0.7933747348987645 0.9503426965519065 0.84
0.8097346243496206 1.022343537945626 0.8400000000000001
0.8793520198266778 0.9263625213100255 0.84
0.8445433220881493 0.9743530296278258 0.96
0.8445433220881493 0.9743530296278256 0.8400000000000001
0.836355335585765 0.9005282652058233 1.08
0.7933747348987645 0.9503426965519065 1.08
0.8097346243496206 1.022343537945626 1.08
0.8793520198266778 0.9263625213100255 1.08
0.8445433220881493 0.9743530296278256 1.08
0.8977363618495162 0.8617338120906138 0.24
0.9536052594803326 0.9046331019712566 0.24
0.8977363618495161 0.8617338120906139 0.12
0.9536052594803326 0.9046331019712566 0.12
0.9265934037423906 0.8824875419146354 0.24
0.9265934037423904 0.8824875419146356 0.12
0.8977363618495162 0.8617338120906138 0.48
0.9536052594803326 0.9046331019712566 0.48
0.8977363618495162 0.8617338120906139 0.36
0.9536052594803326 0.9046331019712566 0.36
0.9265934037423906 0.8824875419146354 0.48
0.9265934037423904 0.8824875419146355 0.36
0.8977363618495162 0.8617338120906138 0.72
0.9536052594803326 0.9046331019712566 0.72
0.8977363618495162 0.8617338120906139 0.6
0.9536052594803326 0.9046331019712566 0.6
0.9265934037423906 0.8824875419146354 0.72
0.9265934037423904 0.8824875419146355 0.6000000000000001
0.8977363618495162 0.8617338120906138 0.96
0.9536052594803326 0.9046331019712566 0.96
0.8977363618495162 0.8617338120906139 0.8400000000000001
0.9536052594803326 0.9046331019712566 0.84
0.9265934037423906 0.8824875419146354 0.96
0.9265934037423904 0.8824875419146355 0.8400000000000001
0.8977363618495161 0.8617338120906139 1.08
0.9536052594803326 0.9046331019712566 1.08
0.9265934037423904 0.8824875419146354 1.08
0.9749315481201751 0.926631611530905 0.24
0.974931548120175 0.926631611530905 0.12
0.9749315481201751 0.926631611530905 0.48
0.974931548120175 0.926631611530905 0.36
0.9749315481201751 0.926631611530905 0.72
0.974931548120175 0.926631611530905 0.6000000000000001
0.9749315481201751 0.926631611530905 0.96
0.974931548120175 0.926631611530905 0.8400000000000001
0.9749315481201751 0.926631611530905 1.08
0.250155848603307 1.028675788560645 0.12
0.3391340346878655 0.8632380443029306 0.12
0.4120687965796526 0.8871178553577012 0.24
0.3208657394983327 1.04139745203303 0.24
0.2946449416455862 0.945956916431788 0.24
0.4120687965796526 0.8871178553577012 0.12
0.3208657394983326 1.04139745203303 0.12
0.2946449416455862 0.945956916431788 0.12
0.3664672680389927 0.9642576536953653 0.24
0.3664672680389925 0.9642576536953654 0.12
0.250155848603307 1.028675788560645 0.36
0.3391340346878655 0.8632380443029306 0.36
0.4120687965796526 0.8871178553577012 0.48
0.3208657394983327 1.04139745203303 0.48
0.2946449416455862 0.945956916431788 0.48
0.4120687965796526 0.8871178553577012 0.36
0.3208657394983327 1.04139745203303 0.36
0.2946449416455862 0.945956916431788 0.36
0.3664672680389927 0.9642576536953653 0.48
0.3664672680389927 0.9642576536953653 0.36
0.250155848603307 1.028675788560645 0.6
0.3391340346878655 0.8632380443029306 0.6
0.4120687965796526 0.8871178553577012 0.72
0.3208657394983327 1.04139745203303 0.72
0.2946449416455862 0.945956916431788 0.72
0.4120687965796526 0.8871178553577012 0.6
0.3208657394983327 1.04139745203303 0.6
0.2946449416455862 0.945956916431788 0.6
0.3664672680389927 0.9642576536953653 0.72
0.3664672680389927 0.9642576536953653 0.6000000000000001
0.250155848603307 1.028675788560645 0.84
0.3391340346878655 0.8632380443029306 0.84
0.4120687965796526 0.8871178553577012 0.96
0.3208657394983327 1.04139745203303 0.96
0.2946449416455862 0.945956916431788 0.96
0.4120687965796526 0.8871178553577012 0.8400000000000001
0.3208657394983327 1.04139745203303 0.84
0.2946449416455862 0.945956916431788 0.84
0.3664672680389927 0.9642576536953653 0.96
0.3664672680389927 0.9642576536953653 0.8400000000000002
0.250155848603307 1.028675788560645 1.08
0.3391340346878655 0.8632380443029306 1.08
0.4120687965796526 0.8871178553577012 1.08
0.3208657394983326 1.04139745203303 1.08
0.2946449416455862 0.945956916431788 1.08
0.3664672680389925 0.9642576536953653 1.08
0.1995779243016537 1.114337894280323 0.24
0.1995779243016536 1.114337894280323 0.12
0.2721828697491666 1.120698726016515 0.24
0.2721828697491666 1.120698726016515 0.12
0.1995779243016537 1.114337894280323 0.48
0.1995779243016536 1.114337894280323 0.36
0.2721828697491666 1.120698726016515 0.48
0.2721828697491666 1.120698726016515 0.36
0.1995779243016537 1.114337894280323 0.72
0.1995779243016536 1.114337894280323 0.6
0.2721828697491666 1.120698726016515 0.72
0.2721828697491666 1.120698726016515 0.6000000000000001
0.1995779243016537 1.114337894280323 0.96
0.1995779243016536 1.114337894280323 0.84
0.2721828697491666 1.120698726016515 0.96
0.2721828697491666 1.120698726016515 0.8400000000000001
0.1995779243016536 1.114337894280323 1.08
0.2721828697491665 1.120698726016515 1.08
0.1918275083772049 1.012852494661432 0.24
0.1918275083772049 1.012852494661432 0.12
0.1331637541886025 1.106426247330716 0.24
0.1331637541886024 1.106426247330716 0.12
0.1918275083772049 1.012852494661432 0.48
0.1918275083772049 1.012852494661432 0.36
0.1331637541886025 1.106426247330716 0.48
0.1331637541886024 1.106426247330716 0.36
0.1918275083772049 1.012852494661432 0.72
0.1918275083772049 1.012852494661432 0.6
0.1331637541886025 1.106426247330716 0.72
0.1331637541886024 1.106426247330716 0.6000000000000001
0.1918275083772049 1.012852494661432 0.96
0.1918275083772049 1.012852494661432 0.84
0.1331637541886025 1.106426247330716 0.96
0.1331637541886024 1.106426247330716 0.8400000000000001
0.1918275083772049 1.012852494661432 1.08
0.1331637541886025 1.106426247330716 1.08
0.264196569652597 0.8349772663202044 0.24
0.264196569652597 0.8349772663202044 0.12
0.2280120390149009 0.9239148804908184 0.24
0.2280120390149008 0.9239148804908186 0.12
0.264196569652597 0.8349772663202044 0.48
0.264196569652597 0.8349772663202044 0.36
0.2280120390149009 0.9239148804908184 0.48
0.2280120390149009 0.9239148804908186 0.36
0.264196569652597 0.8349772663202044 0.72
0.264196569652597 0.8349772663202044 0.6
0.2280120390149009 0.9239148804908184 0.72
0.2280120390149009 0.9239148804908186 0.6000000000000001
0.264196569652597 0.8349772663202044 0.96
0.264196569652597 0.8349772663202044 0.84
0.2280120390149009 0.9239148804908184 0.96
0.2280120390149009 0.9239148804908186 0.8400000000000001
0.264196569652597 0.8349772663202044 1.08
0.2280120390149009 0.9239148804908186 1.08
0.136051179487366 0.3940252737657437 0.12
0.1256989026861376 0.5451180302622651 0.12
0.068025589743683 0.3470126368828719 0.24
0.1308750410867518 0.4695716520140044 0.24
0.0628494513430688 0.4975590151311326 0.24
0.068025589743683 0.3470126368828719 0.12
0.1308750410867518 0.4695716520140044 0.12
0.06284945134306877 0.4975590151311327 0.12
0.0654375205433759 0.4222858260070022 0.24
0.06543752054337591 0.4222858260070022 0.12
0.136051179487366 0.3940252737657437 0.36
0.1256989026861376 0.5451180302622651 0.36
0.068025589743683 0.3470126368828719 0.48
0.1308750410867518 0.4695716520140044 0.48
0.0628494513430688 0.4975590151311326 0.48
0.068025589743683 0.3470126368828719 0.36
0.1308750410867518 0.4695716520140044 0.36
0.0628494513430688 0.4975590151311326 0.36
0.0654375205433759 0.4222858260070022 0.48
0.0654375205433759 0.4222858260070022 0.36
0.136051179487366 0.3940252737657437 0.6
0.1256989026861376 0.5451180302622651 0.6
0.068025589743683 0.3470126368828719 0.72
0.1308750410867518 0.4695716520140044 0.72
0.0628494513430688 0.4975590151311326 0.72
0.068025589743683 0.3470126368828719 0.6
0.1308750410867518 0.4695716520140044 0.6
0.0628494513430688 0.4975590151311326 0.6
0.0654375205433759 0.4222858260070022 0.72
0.0654375205433759 0.4222858260070022 0.6000000000000001
0.136051179487366 0.3940252737657437 0.84
0.1256989026861376 0.5451180302622651 0.84
0.068025589743683 0.3470126368828719 0.96
0.1308750410867518 0.4695716520140044 0.96
0.0628494513430688 0.4975590151311326 0.96
0.068025589743683 0.3470126368828719 0.84
0.1308750410867518 0.4695716520140044 0.84
0.0628494513430688 0.4975590151311326 0.84
0.0654375205433759 0.4222858260070022 0.96
0.0654375205433759 0.4222858260070022 0.8400000000000001
0.136051179487366 0.3940252737657437 1.08
0.1256989026861376 0.5451180302622651 1.08
0.068025589743683 0.3470126368828719 1.08
0.1308750410867518 0.4695716520140044 1.08
0.06284945134306877 0.4975590151311327 1.08
0.06543752054337591 0.4222858260070022 1.08
0.261281853627407 0.6345487114137747 0.12
0.28094744065937 0.5569175680954075 0.24
0.2183321035893495 0.4366558492713921 0.24
0.1934903781567723 0.5898333708380199 0.24
0.2809474406593701 0.5569175680954075 0.12
0.2183321035893495 0.4366558492713921 0.12
0.1934903781567723 0.5898333708380199 0.12
0.2059112408730609 0.513244610054706 0.24
0.2059112408730609 0.513244610054706 0.12
0.261281853627407 0.6345487114137747 0.36
0.28094744065937 0.5569175680954075 0.48
0.2183321035893495 0.4366558492713921 0.48
0.1934903781567723 0.5898333708380199 0.48
0.28094744065937 0.5569175680954075 0.36
0.2183321035893495 0.4366558492713921 0.36
0.1934903781567723 0.5898333708380199 0.36
0.2059112408730609 0.513244610054706 0.48
0.2059112408730609 0.513244610054706 0.36
0.261281853627407 0.6345487114137747 0.6
0.28094744065937 0.5569175680954075 0.72
0.2183321035893495 0.4366558492713921 0.72
0.1934903781567723 0.5898333708380199 0.72
0.28094744065937 0.5569175680954075 0.6
0.2183321035893495 0.4366558492713921 0.6
0.1934903781567723 0.5898333708380199 0.6
0.2059112408730609 0.513244610054706 0.72
0.2059112408730609 0.513244610054706 0.6000000000000001
0.261281853627407 0.6345487114137747 0.84
0.28094744065937 0.5569175680954075 0.96
0.2183321035893495 0.4366558492713921 0.96
0.1934903781567723 0.5898333708380199 0.96
0.28094744065937 0.5569175680954075 0.84
0.2183321035893495 0.4366558492713921 0.8400000000000001
0.1934903781567723 0.5898333708380199 0.84
0.2059112408730609 0.513244610054706 0.96
0.2059112408730609 0.513244610054706 0.8400000000000001
0.261281853627407 0.6345487114137747 1.08
0.2809474406593701 0.5569175680954075 1.08
0.2183321035893495 0.4366558492713921 1.08
0.1934903781567723 0.5898333708380199 1.08
0.2059112408730609 0.5132446100547061 1.08
0.2252704791223677 0.7206325998756264 0.24
0.1182874932121309 0.6215764052160737 0.24
0.2252704791223677 0.7206325998756264 0.12
0.1182874932121309 0.6215764052160737 0.12
0.1717789861672493 0.6711045025458501 0.24
0.1717789861672493 0.6711045025458497 0.12
0.2252704791223677 0.7206325998756264 0.48
0.1182874932121309 0.6215764052160737 0.48
0.2252704791223677 0.7206325998756264 0.36
0.1182874932121309 0.6215764052160737 0.36
0.1717789861672493 0.6711045025458501 0.48
0.1717789861672493 0.6711045025458497 0.36
0.2252704791223677 0.7206325998756264 0.72
0.1182874932121309 0.6215764052160737 0.72
0.2252704791223677 0.7206325998756264 0.6
0.1182874932121309 0.6215764052160737 0.6
0.1717789861672493 0.6711045025458501 0.72
0.1717789861672493 0.6711045025458497 0.6000000000000001
0.2252704791223677 0.7206325998756264 0.96
0.1182874932121309 0.6215764052160737 0.96
0.2252704791223677 0.7206325998756264 0.8400000000000001
0.1182874932121309 0.6215764052160737 0.84
0.1717789861672493 0.6711045025458501 0.96
0.1717789861672493 0.6711045025458497 0.8400000000000002
0.2252704791223677 0.7206325998756264 1.08
0.1182874932121309 0.6215764052160737 1.08
0.1717789861672493 0.6711045025458497 1.08
0.05914374660606544 0.573288202608037 0.24
0.0591437466060654 0.5732882026080369 0.12
0.05914374660606544 0.573288202608037 0.48
0.05914374660606544 0.5732882026080369 0.36
0.05914374660606544 0.573288202608037 0.72
0.05914374660606544 0.5732882026080369 0.6000000000000001
0.05914374660606544 0.573288202608037 0.96
0.05914374660606544 0.5732882026080369 0.8400000000000001
0.0591437466060654 0.5732882026080369 1.08
0.5820725035338542 0.7720135282244154 0.12
0.4182932540669397 0.7093690266796007 0.12
0.650705272309402 0.6946090237279841 0.24
0.5001828788003969 0.740691277452008 0.24
0.4476906329162214 0.6455315523781009 0.24
0.650705272309402 0.6946090237279842 0.12
0.5001828788003969 0.740691277452008 0.12
0.4476906329162214 0.6455315523781009 0.12
0.5491979526128117 0.6700702880530425 0.24
0.5491979526128117 0.6700702880530427 0.12
0.5820725035338542 0.7720135282244154 0.36
0.4182932540669397 0.7093690266796007 0.36
0.650705272309402 0.6946090237279841 0.48
0.5001828788003969 0.740691277452008 0.48
0.4476906329162214 0.6455315523781009 0.48
0.650705272309402 0.6946090237279841 0.36
0.5001828788003969 0.740691277452008 0.36
0.4476906329162214 0.6455315523781009 0.36
0.5491979526128117 0.6700702880530425 0.48
0.5491979526128117 0.6700702880530426 0.36
0.5820725035338542 0.7720135282244154 0.6
0.4182932540669397 0.7093690266796007 0.6
0.650705272309402 0.6946090237279841 0.72
0.5001828788003969 0.740691277452008 0.72
0.4476906329162214 0.6455315523781009 0.72
0.650705272309402 0.6946090237279841 0.6
0.5001828788003969 0.740691277452008 0.6
0.4476906329162214 0.6455315523781009 0.6
0.5491979526128117 0.6700702880530425 0.72
0.5491979526128117 0.6700702880530426 0.6000000000000001
0.5820725035338542 0.7720135282244154 0.84
0.4182932540669397 0.7093690266796007 0.84
0.650705272309402 0.6946090237279841 0.96
0.5001828788003969 0.740691277452008 0.96
0.4476906329162214 0.6455315523781009 0.96
0.650705272309402 0.6946090237279841 0.84
0.5001828788003969 0.740691277452008 0.84
0.4476906329162214 0.6455315523781009 0.84
0.5491979526128117 0.6700702880530425 0.96
0.5491979526128117 0.6700702880530426 0.8400000000000001
0.5820725035338542 0.7720135282244154 1.08
0.4182932540669397 0.7093690266796007 1.08
0.650705272309402 0.6946090237279841 1.08
0.5001828788003969 0.740691277452008 1.08
0.4476906329162214 0.6455315523781009 1.08
0.5491979526128117 0.6700702880530426 1.08
0.533538031002647 0.8415055973184435 0.24
0.3787136443774026 0.7863035354912656 0.24
0.533538031002647 0.8415055973184435 0.12
0.3787136443774026 0.7863035354912656 0.12
0.4561258376900247 0.8139045664048546 0.24
0.4561258376900248 0.8139045664048544 0.12
0.533538031002647 0.8415055973184435 0.48
0.3787136443774026 0.7863035354912656 0.48
0.533538031002647 0.8415055973184435 0.36
0.3787136443774026 0.7863035354912656 0.36
0.4561258376900247 0.8139045664048546 0.48
0.4561258376900248 0.8139045664048544 0.36
0.533538031002647 0.8415055973184435 0.72
0.3787136443774026 0.7863035354912656 0.72
0.533538031002647 0.8415055973184435 0.6
0.3787136443774026 0.7863035354912656 0.6
0.4561258376900247 0.8139045664048546 0.72
0.4561258376900248 0.8139045664048544 0.6000000000000001
0.533538031002647 0.8415055973184435 0.96
0.3787136443774026 0.7863035354912656 0.96
0.533538031002647 0.8415055973184435 0.8400000000000001
0.3787136443774026 0.7863035354912656 0.84
0.4561258376900247 0.8139045664048546 0.96
0.4561258376900248 0.8139045664048544 0.8400000000000002
0.533538031002647 0.8415055973184435 1.08
0.3787136443774026 0.7863035354912656 1.08
0.4561258376900248 0.8139045664048543 1.08
0.3397875538471733 0.6719588690466877 0.24
0.3397875538471733 0.6719588690466877 0.12
0.3019920617498851 0.753468067683446 0.24
0.3019920617498852 0.7534680676834458 0.12
0.3397875538471733 0.6719588690466877 0.48
0.3397875538471733 0.6719588690466877 0.36
0.3019920617498851 0.753468067683446 0.48
0.3019920617498852 0.7534680676834458 0.36
0.3397875538471733 0.6719588690466877 0.72
0.3397875538471733 0.6719588690466877 0.6
0.3019920617498851 0.753468067683446 0.72
0.3019920617498852 0.7534680676834458 0.6000000000000001
0.3397875538471733 0.6719588690466877 0.96
0.3397875538471733 0.6719588690466877 0.84
0.3019920617498851 0.753468067683446 0.96
0.3019920617498852 0.7534680676834458 0.8400000000000001
0.3397875538471733 0.6719588690466877 1.08
0.3019920617498852 0.7534680676834458 1.08
0.3643190367877956 0.6012245602367541 0.24
0.3643190367877956 0.6012245602367539 0.12
0.3643190367877956 0.6012245602367541 0.48
0.3643190367877956 0.6012245602367539 0.36
0.3643190367877956 0.6012245602367541 0.72
0.3643190367877956 0.6012245602367539 0.6000000000000001
0.3643190367877956 0.6012245602367541 0.96
0.3643190367877956 0.6012245602367539 0.8400000000000001
0.3643190367877956 0.601224560236754 1.08
0.7233673258587896 0.8373970835904065 0.12
0.6527199146963218 0.804705305907411 0.24
0.673270831521511 0.8969364712930413 0.24
0.6527199146963218 0.804705305907411 0.12
0.673270831521511 0.8969364712930412 0.12
0.603404431262079 0.8692210343057425 0.24
0.6034044312620792 0.8692210343057424 0.12
0.7233673258587896 0.8373970835904065 0.36
0.6527199146963218 0.804705305907411 0.48
0.673270831521511 0.8969364712930413 0.48
0.6527199146963218 0.804705305907411 0.36
0.673270831521511 0.8969364712930412 0.36
0.603404431262079 0.8692210343057425 0.48
0.6034044312620792 0.8692210343057424 0.36
0.7233673258587896 0.8373970835904065 0.6
0.6527199146963218 0.804705305907411 0.72
0.673270831521511 0.8969364712930413 0.72
0.6527199146963218 0.804705305907411 0.6
0.673270831521511 0.8969364712930412 0.6
0.603404431262079 0.8692210343057425 0.72
0.6034044312620792 0.8692210343057424 0.6000000000000001
0.7233673258587896 0.8373970835904065 0.84
0.6527199146963218 0.804705305907411 0.96
0.673270831521511 0.8969364712930413 0.96
0.6527199146963218 0.804705305907411 0.84
0.673270831521511 0.8969364712930412 0.84
0.603404431262079 0.8692210343057425 0.96
0.6034044312620792 0.8692210343057424 0.8400000000000001
0.7233673258587896 0.8373970835904065 1.08
0.6527199146963218 0.804705305907411 1.08
0.673270831521511 0.8969364712930412 1.08
0.6034044312620792 0.8692210343057424 1.08
0.7812975202289489 0.7787345113469425 0.24
0.7812975202289489 0.7787345113469425 0.12
0.7160013962691755 0.7366717675374632 0.24
0.7160013962691754 0.7366717675374634 0.12
0.7812975202289489 0.7787345113469425 0.48
0.781297520228949 0.7787345113469426 0.36
0.7160013962691755 0.7366717675374632 0.48
0.7160013962691754 0.7366717675374634 0.36
0.7812975202289489 0.7787345113469425 0.72
0.781297520228949 0.7787345113469426 0.6
0.7160013962691755 0.7366717675374632 0.72
0.7160013962691754 0.7366717675374634 0.6000000000000001
0.7812975202289489 0.7787345113469425 0.96
0.781297520228949 0.7787345113469426 0.84
0.7160013962691755 0.7366717675374632 0.96
0.7160013962691754 0.7366717675374634 0.8400000000000001
0.7812975202289489 0.7787345113469425 1.08
0.7160013962691754 0.7366717675374634 1.08
0.7798613307222773 0.8689626743981149 0.24
0.7798613307222773 0.8689626743981149 0.12
0.8395169410392327 0.8202341617187782 0.24
0.8395169410392324 0.8202341617187782 0.12
0.7798613307222773 0.8689626743981149 0.48
0.7798613307222773 0.8689626743981149 0.36
0.8395169410392327 0.8202341617187782 0.48
0.8395169410392327 0.8202341617187783 0.36
0.7798613307222773 0.8689626743981149 0.72
0.7798613307222773 0.8689626743981149 0.6
0.8395169410392327 0.8202341617187782 0.72
0.8395169410392327 0.8202341617187783 0.6000000000000001
0.7798613307222773 0.8689626743981149 0.96
0.7798613307222773 0.8689626743981149 0.84
0.8395169410392327 0.8202341617187782 0.96
0.8395169410392327 0.8202341617187783 0.8400000000000001
0.7798613307222773 0.8689626743981149 1.08
0.8395169410392325 0.8202341617187782 1.08
0.7333227832101377 0.923639583922474 0.24
0.7333227832101376 0.9236395839224738 0.12
0.7333227832101377 0.923639583922474 0.48
0.7333227832101376 0.9236395839224738 0.36
0.7333227832101377 0.923639583922474 0.72
0.7333227832101376 0.9236395839224738 0.6000000000000001
0.7333227832101377 0.923639583922474 0.96
0.7333227832101376 0.9236395839224738 0.8400000000000001
0.7333227832101377 0.9236395839224737 1.08
0.8114053126467313 1.127670191809975 0.12
0.7419112508955864 1.114289818173574 0.24
0.7782026563233657 1.163835095904988 0.24
0.7419112508955863 1.114289818173574 0.12
0.7782026563233657 1.163835095904987 0.12
0.7062056254477933 1.157144909086787 0.24
0.7062056254477933 1.157144909086787 0.12
0.8114053126467313 1.127670191809975 0.36
0.7419112508955864 1.114289818173574 0.48
0.7782026563233657 1.163835095904988 0.48
0.7419112508955863 1.114289818173574 0.36
0.7782026563233657 1.163835095904988 0.36
0.7062056254477933 1.157144909086787 0.48
0.7062056254477933 1.157144909086787 0.36
0.8114053126467313 1.127670191809975 0.6
0.7419112508955864 1.114289818173574 0.72
0.7782026563233657 1.163835095904988 0.72
0.7419112508955863 1.114289818173574 0.6
0.7782026563233657 1.163835095904988 0.6
0.7062056254477933 1.157144909086787 0.72
0.7062056254477933 1.157144909086787 0.6000000000000001
0.8114053126467313 1.127670191809975 0.84
0.7419112508955864 1.114289818173574 0.96
0.7782026563233657 1.163835095904988 0.96
0.7419112508955863 1.114289818173574 0.84
0.7782026563233657 1.163835095904988 0.84
0.7062056254477933 1.157144909086787 0.96
0.7062056254477933 1.157144909086787 0.8400000000000001
0.8114053126467313 1.127670191809975 1.08
0.7419112508955863 1.114289818173574 1.08
0.7782026563233657 1.163835095904987 1.08
0.7062056254477933 1.157144909086787 1.08
0.8402402135671042 1.086100069901618 0.24
0.8402402135671043 1.086100069901618 0.12
0.7758229376226033 1.0683166780596 0.24
0.7758229376226036 1.0683166780596 0.12
0.8402402135671042 1.086100069901618 0.48
0.8402402135671043 1.086100069901618 0.36
0.7758229376226033 1.0683166780596 0.48
0.7758229376226036 1.0683166780596 0.36
0.8402402135671042 1.086100069901618 0.72
0.8402402135671043 1.086100069901618 0.6
0.7758229376226033 1.0683166780596 0.72
0.7758229376226036 1.0683166780596 0.6000000000000001
0.8402402135671042 1.086100069901618 0.96
0.8402402135671043 1.086100069901618 0.84
0.7758229376226033 1.0683166780596 0.96
0.7758229376226036 1.0683166780596 0.8400000000000001
0.8402402135671043 1.086100069901618 1.08
0.7758229376226037 1.0683166780596 1.08
0.8880579953826933 1.149190434964315 0.24
0.8880579953826933 1.149190434964315 0.12
0.9133140834091167 1.112184206569064 0.24
0.9133140834091166 1.112184206569064 0.12
0.8880579953826933 1.149190434964315 0.48
0.8880579953826933 1.149190434964315 0.36
0.9133140834091167 1.112184206569064 0.48
0.9133140834091166 1.112184206569064 0.36
0.8880579953826933 1.149190434964315 0.72
0.8880579953826933 1.149190434964315 0.6
0.9133140834091167 1.112184206569064 0.72
0.9133140834091166 1.112184206569064 0.6000000000000001
0.8880579953826933 1.149190434964315 0.96
0.8880579953826933 1.149190434964315 0.84
0.9133140834091167 1.112184206569064 0.96
0.9133140834091166 1.112184206569064 0.8400000000000001
0.8880579953826933 1.149190434964315 1.08
0.9133140834091165 1.112184206569064 1.08
0.8552354997799375 1.178111524578058 0.24
0.8552354997799374 1.178111524578059 0.12
0.8552354997799375 1.178111524578058 0.48
0.8552354997799374 1.178111524578059 0.36
0.8552354997799375 1.178111524578058 0.72
0.8552354997799374 1.178111524578059 0.6000000000000001
0.8552354997799375 1.178111524578058 0.96
0.8552354997799374 1.178111524578059 0.8400000000000001
0.8552354997799374 1.178111524578059 1.08
0.1298903987855171 0.2484720017954937 0.12
0.1248900361498377 0.1756697108337095 0.24
0.06494519939275856 0.1992360008977468 0.24
0.1248900361498377 0.1756697108337095 0.12
0.06494519939275856 0.1992360008977468 0.12
0.06244501807491885 0.1253348554168547 0.24
0.06244501807491886 0.1253348554168547 0.12
0.1298903987855171 0.2484720017954937 0.36
0.1248900361498377 0.1756697108337095 0.48
0.06494519939275856 0.1992360008977468 0.48
0.1248900361498377 0.1756697108337096 0.36
0.06494519939275856 0.1992360008977468 0.36
0.06244501807491885 0.1253348554168547 0.48
0.06244501807491885 0.1253348554168547 0.36
0.1298903987855171 0.2484720017954937 0.6
0.1248900361498377 0.1756697108337095 0.72
0.06494519939275856 0.1992360008977468 0.72
0.1248900361498377 0.1756697108337096 0.6
0.06494519939275856 0.1992360008977468 0.6
0.06244501807491885 0.1253348554168547 0.72
0.06244501807491885 0.1253348554168547 0.6000000000000001
0.1298903987855171 0.2484720017954937 0.84
0.1248900361498377 0.1756697108337095 0.96
0.06494519939275856 0.1992360008977468 0.96
0.1248900361498377 0.1756697108337096 0.84
0.06494519939275856 0.1992360008977468 0.84
0.06244501807491885 0.1253348554168547 0.96
0.06244501807491885 0.1253348554168547 0.8400000000000001
0.1298903987855171 0.2484720017954937 1.08
0.1248900361498377 0.1756697108337095 1.08
0.06494519939275856 0.1992360008977468 1.08
0.06244501807491887 0.1253348554168547 1.08
0.1948355895165647 0.2977079783391408 0.24
0.1948355895165647 0.2977079783391408 0.12
0.187335049893901 0.2260045540735144 0.24
0.1873350498939009 0.2260045540735145 0.12
0.1948355895165647 0.2977079783391408 0.48
0.1948355895165647 0.2977079783391408 0.36
0.187335049893901 0.2260045540735144 0.48
0.187335049893901 0.2260045540735145 0.36
0.1948355895165647 0.2977079783391408 0.72
0.1948355895165647 0.2977079783391408 0.6
0.187335049893901 0.2260045540735144 0.72
0.187335049893901 0.2260045540735145 0.6000000000000001
0.1948355895165647 0.2977079783391408 0.96
0.1948355895165647 0.2977079783391408 0.84
0.187335049893901 0.2260045540735144 0.96
0.187335049893901 0.2260045540735145 0.8400000000000001
0.1948355895165647 0.2977079783391408 1.08
0.187335049893901 0.2260045540735144 1.08
0.1329707891364416 0.3212486377806187 0.24
0.1329707891364416 0.3212486377806187 0.12
0.2065838465529571 0.3671819138052664 0.24
0.206583846552957 0.3671819138052664 0.12
0.1329707891364416 0.3212486377806187 0.48
0.1329707891364416 0.3212486377806187 0.36
0.2065838465529571 0.3671819138052664 0.48
0.2065838465529571 0.3671819138052663 0.36
0.1329707891364416 0.3212486377806187 0.72
0.1329707891364416 0.3212486377806187 0.6
0.2065838465529571 0.3671819138052664 0.72
0.2065838465529571 0.3671819138052663 0.6000000000000001
0.1329707891364416 0.3212486377806187 0.96
0.1329707891364416 0.3212486377806187 0.84
0.2065838465529571 0.3671819138052664 0.96
0.2065838465529571 0.3671819138052663 0.8400000000000001
0.1329707891364416 0.3212486377806187 1.08
0.2065838465529571 0.3671819138052664 1.08
0.06648539456822078 0.2731243188903093 0.24
0.06648539456822078 0.2731243188903092 0.12
0.06648539456822078 0.2731243188903093 0.48
0.06648539456822078 0.2731243188903092 0.36
0.06648539456822078 0.2731243188903093 0.72
0.06648539456822078 0.2731243188903092 0.6000000000000001
0.06648539456822078 0.2731243188903093 0.96
0.06648539456822078 0.2731243188903092 0.8400000000000001
0.06648539456822078 0.2731243188903093 1.08
$EndNodes
$Elements
39 2856 1 2856
0 1 15 1
1 1 
0 2 15 1
2 2 
0 3 15 1
3 3 
0 4 15 1
4 4 
0 5 15 1
5 5 
0 6 15 1
6 6 
0 7 15 1
7 7 
0 8 15 1
8 8 
0 9 15 1
9 9 
0 10 15 1
10 10 
0 11 15 1
11 11 
0 12 15 1
12 12 
1 1 1 16
13 1 13 
14 13 14 
15 14 15 
16 15 16 
17 16 17 
18 17 18 
19 18 19 
20 19 20 
21 20 21 
22 21 22 
23 22 23 
24 23 24 
25 24 25 
26 25 26 
27 26 27 
28 27 2 
1 2 1 16
29 2 28 
30 28 29 
31 29 30 
32 30 31 
33 31 32 
34 32 33 
35 33 34 
36 34 35 
37 35 36 
38 36 37 
39 37 38 
40 38 39 
41 39 40 
42 40 41 
43 41 42 
44 42 3 
1 3 1 4
45 3 43 
46 43 44 
47 44 45 
48 45 4 
1 4 1 4
49 4 46 
50 46 47 
51 47 48 
52 48 5 
1 5 1 4
53 5 49 
54 49 50 
55 50 51 
56 51 6 
1 6 1 12
57 6 52 
58 52 53 
59 53 54 
60 54 55 
61 55 56 
62 56 57 
63 57 58 
64 58 59 
65 59 60 
66 60 61 
67 61 62 
68 62 1 
1 7 1 10
69 1 63 
70 63 64 
71 64 65 
72 65 66 
73 66 67 
74 67 68 
75 68 69 
76 69 70 
77 70 71 
78 71 7 
1 8 1 10
79 2 72 
80 72 73 
81 73 74 
82 74 75 
83 75 76 
84 76 77 
85 77 78 
86 78 79 
87 79 80 
88 80 8 
1 9 1 16
89 7 81 
90 81 82 
91 82 83 
92 83 84 
93 84 85 
94 85 86 
95 86 87 
96 87 88 
97 88 89 
98 89 90 
99 90 91 
100 91 92 
101 92 93 
102 93 94 
103 94 95 
104 95 8 
1 10 1 10
105 3 96 
106 96 97 
107 97 98 
108 98 99 
109 99 100 
110 100 101 
111 101 102 
112 102 103 
113 103 104 
114 104 9 
1 11 1 16
115 8 105 
116 105 106 
117 106 107 
118 107 108 
119 108 109 
120 109 110 
121 110 111 
122 111 112 
123 112 113 
124 113 114 
125 114 115 
126 115 116 
127 116 117 
128 117 118 
129 118 119 
130 119 9 
1 12 1 10
131 4 120 
132 120 121 
133 121 122 
134 122 123 
135 123 124 
136 124 125 
137 125 126 
138 126 127 
139 127 128 
140 128 10 
1 13 1 4
141 9 129 
142 129 130 
143 130 131 
144 131 10 
1 14 1 10
145 5 132 
146 132 133 
147 133 134 
148 134 135 
149 135 136 
150 136 137 
151 137 138 
152 138 139 
153 139 140 
154 140 11 
1 15 1 4
155 10 141 
156 141 142 
157 142 143 
158 143 11 
1 16 1 10
159 6 144 
160 144 145 
161 145 146 
162 146 147 
163 147 148 
164 148 149 
165 149 150 
166 150 151 
167 151 152 
168 152 12 
1 17 1 4
169 11 153 
170 153 154 
171 154 155 
172 155 12 
1 18 1 12
173 12 156 
174 156 157 
175 157 158 
176 158 159 
177 159 160 
178 160 161 
179 161 162 
180 162 163 
181 163 164 
182 164 165 
183 165 166 
184 166 7 
2 1 3 176
185 35 36 201 200 
186 36 37 198 201 
187 201 198 173 199 
188 200 201 199 172 
189 39 202 204 38 
190 202 171 203 204 
191 204 203 173 198 
192 38 204 198 37 
193 170 205 207 206 
194 205 172 199 207 
195 207 199 173 203 
196 206 207 203 171 
197 170 208 211 205 
198 208 174 209 211 
199 211 209 175 210 
200 205 211 210 172 
201 31 32 214 213 
202 32 33 212 214 
203 214 212 175 209 
204 213 214 209 174 
205 35 200 215 34 
206 200 172 210 215 
207 215 210 175 212 
208 34 215 212 33 
209 168 216 220 219 
210 216 176 217 220 
211 220 217 178 218 
212 219 220 218 177 
213 1 13 223 222 
214 13 14 221 223 
215 223 221 178 217 
216 222 223 217 176 
217 16 224 225 15 
218 224 177 218 225 
219 225 218 178 221 
220 15 225 221 14 
221 16 17 228 224 
222 17 18 226 228 
223 228 226 180 227 
224 224 228 227 177 
225 20 229 231 19 
226 229 179 230 231 
227 231 230 180 226 
228 19 231 226 18 
229 168 219 233 232 
230 219 177 227 233 
231 233 227 180 230 
232 232 233 230 179 
233 167 234 238 237 
234 234 181 235 238 
235 238 235 184 236 
236 237 238 236 183 
237 55 56 241 240 
238 56 57 239 241 
239 241 239 184 235 
240 240 241 235 181 
241 59 242 244 58 
242 242 182 243 244 
243 244 243 184 239 
244 58 244 239 57 
245 169 245 247 246 
246 245 183 236 247 
247 247 236 184 243 
248 246 247 243 182 
249 5 248 251 48 
250 248 185 249 251 
251 251 249 187 250 
252 48 251 250 47 
253 167 252 255 254 
254 252 186 253 255 
255 255 253 187 249 
256 254 255 249 185 
257 3 43 258 257 
258 43 44 256 258 
259 258 256 187 253 
260 257 258 253 186 
261 4 46 259 45 
262 46 47 250 259 
263 259 250 187 256 
264 45 259 256 44 
265 169 246 263 262 
266 246 182 260 263 
267 263 260 189 261 
268 262 263 261 188 
269 59 60 265 242 
270 60 61 264 265 
271 265 264 189 260 
272 242 265 260 182 
273 1 222 267 62 
274 222 176 266 267 
275 267 266 189 264 
276 62 267 264 61 
277 168 268 269 216 
278 268 188 261 269 
279 269 261 189 266 
280 216 269 266 176 
281 24 270 273 23 
282 270 190 271 273 
283 273 271 192 272 
284 23 273 272 22 
285 170 274 277 276 
286 274 191 275 277 
287 277 275 192 271 
288 276 277 271 190 
289 168 232 280 279 
290 232 179 278 280 
291 280 278 192 275 
292 279 280 275 191 
293 20 21 281 229 
294 21 22 272 281 
295 281 272 192 278 
296 229 281 278 179 
297 39 282 285 202 
298 282 193 283 285 
299 285 283 194 284 
300 202 285 284 171 
301 169 262 288 287 
302 262 188 286 288 
303 288 286 194 283 
304 287 288 283 193 
305 168 279 290 268 
306 279 191 289 290 
307 290 289 194 286 
308 268 290 286 188 
309 170 206 291 274 
310 206 171 284 291 
311 291 284 194 289 
312 274 291 289 191 
313 169 287 294 245 
314 287 193 292 294 
315 294 292 195 293 
316 245 294 293 183 
317 39 40 296 282 
318 40 41 295 296 
319 296 295 195 292 
320 282 296 292 193 
321 3 257 298 42 
322 257 186 297 298 
323 298 297 195 295 
324 42 298 295 41 
325 167 237 299 252 
326 237 183 293 299 
327 299 293 195 297 
328 252 299 297 186 
329 55 240 302 54 
330 240 181 300 302 
331 302 300 196 301 
332 54 302 301 53 
333 167 254 304 234 
334 254 185 303 304 
335 304 303 196 300 
336 234 304 300 181 
337 5 49 306 248 
338 49 50 305 306 
339 306 305 196 303 
340 248 306 303 185 
341 6 52 307 51 
342 52 53 301 307 
343 307 301 196 305 
344 51 307 305 50 
345 2 28 310 27 
346 28 29 308 310 
347 310 308 197 309 
348 27 310 309 26 
349 31 213 312 30 
350 213 174 311 312 
351 312 311 197 308 
352 30 312 308 29 
353 170 276 314 208 
354 276 190 313 314 
355 314 313 197 311 
356 208 314 311 174 
357 24 25 315 270 
358 25 26 309 315 
359 315 309 197 313 
360 270 315 313 190 
2 2 3 160
361 1 13 346 63 
362 13 14 344 346 
363 346 344 316 345 
364 63 346 345 64 
365 64 345 349 65 
366 345 316 347 349 
367 349 347 317 348 
368 65 349 348 66 
369 66 348 352 67 
370 348 317 350 352 
371 352 350 318 351 
372 67 352 351 68 
373 68 351 355 69 
374 351 318 353 355 
375 355 353 319 354 
376 69 355 354 70 
377 70 354 357 71 
378 354 319 356 357 
379 357 356 82 81 
380 71 357 81 7 
381 14 15 360 344 
382 15 16 358 360 
383 360 358 320 359 
384 344 360 359 316 
385 316 359 363 347 
386 359 320 361 363 
387 363 361 321 362 
388 347 363 362 317 
389 317 362 366 350 
390 362 321 364 366 
391 366 364 322 365 
392 350 366 365 318 
393 318 365 369 353 
394 365 322 367 369 
395 369 367 323 368 
396 353 369 368 319 
397 319 368 371 356 
398 368 323 370 371 
399 371 370 84 83 
400 356 371 83 82 
401 16 17 374 358 
402 17 18 372 374 
403 374 372 324 373 
404 358 374 373 320 
405 320 373 377 361 
406 373 324 375 377 
407 377 375 325 376 
408 361 377 376 321 
409 321 376 380 364 
410 376 325 378 380 
411 380 378 326 379 
412 364 380 379 322 
413 322 379 383 367 
414 379 326 381 383 
415 383 381 327 382 
416 367 383 382 323 
417 323 382 385 370 
418 382 327 384 385 
419 385 384 86 85 
420 370 385 85 84 
421 18 19 388 372 
422 19 20 386 388 
423 388 386 328 387 
424 372 388 387 324 
425 324 387 391 375 
426 387 328 389 391 
427 391 389 329 390 
428 375 391 390 325 
429 325 390 394 378 
430 390 329 392 394 
431 394 392 330 393 
432 378 394 393 326 
433 326 393 397 381 
434 393 330 395 397 
435 397 395 331 396 
436 381 397 396 327 
437 327 396 399 384 
438 396 331 398 399 
439 399 398 88 87 
440 384 399 87 86 
441 20 21 402 386 
442 21 22 400 402 
443 402 400 332 401 
444 386 402 401 328 
445 328 401 405 389 
446 401 332 403 405 
447 405 403 333 404 
448 389 405 404 329 
449 329 404 408 392 
450 404 333 406 408 
451 408 406 334 407 
452 392 408 407 330 
453 330 407 411 395 
454 407 334 409 411 
455 411 409 335 410 
456 395 411 410 331 
457 331 410 413 398 
458 410 335 412 413 
459 413 412 90 89 
460 398 413 89 88 
461 22 23 416 400 
462 23 24 414 416 
463 416 414 336 415 
464 400 416 415 332 
465 332 415 419 403 
466 415 336 417 419 
467 419 417 337 418 
468 403 419 418 333 
469 333 418 422 406 
470 418 337 420 422 
471 422 420 338 421 
472 406 422 421 334 
473 334 421 425 409 
474 421 338 423 425 
475 425 423 339 424 
476 409 425 424 335 
477 335 424 427 412 
478 424 339 426 427 
479 427 426 92 91 
480 412 427 91 90 
481 24 25 430 414 
482 25 26 428 430 
483 430 428 340 429 
484 414 430 429 336 
485 336 429 433 417 
486 429 340 431 433 
487 433 431 341 432 
488 417 433 432 337 
489 337 432 436 420 
490 432 341 434 436 
491 436 434 342 435 
492 420 436 435 338 
493 338 435 439 423 
494 435 342 437 439 
495 439 437 343 438 
496 423 439 438 339 
497 339 438 441 426 
498 438 343 440 441 
499 441 440 94 93 
500 426 441 93 92 
501 26 27 443 428 
502 27 2 72 443 
503 443 72 73 442 
504 428 443 442 340 
505 340 442 445 431 
506 442 73 74 445 
507 445 74 75 444 
508 431 445 444 341 
509 341 444 447 434 
510 444 75 76 447 
511 447 76 77 446 
512 434 447 446 342 
513 342 446 449 437 
514 446 77 78 449 
515 449 78 79 448 
516 437 449 448 343 
517 343 448 450 440 
518 448 79 80 450 
519 450 80 8 95 
520 440 450 95 94 
2 3 3 160
521 2 28 481 72 
522 28 29 479 481 
523 481 479 451 480 
524 72 481 480 73 
525 73 480 484 74 
526 480 451 482 484 
527 484 482 452 483 
528 74 484 483 75 
529 75 483 487 76 
530 483 452 485 487 
531 487 485 453 486 
532 76 487 486 77 
533 77 486 490 78 
534 486 453 488 490 
535 490 488 454 489 
536 78 490 489 79 
537 79 489 492 80 
538 489 454 491 492 
539 492 491 106 105 
540 80 492 105 8 
541 29 30 495 479 
542 30 31 493 495 
543 495 493 455 494 
544 479 495 494 451 
545 451 494 498 482 
546 494 455 496 498 
547 498 496 456 497 
548 482 498 497 452 
549 452 497 501 485 
550 497 456 499 501 
551 501 499 457 500 
552 485 501 500 453 
553 453 500 504 488 
554 500 457 502 504 
555 504 502 458 503 
556 488 504 503 454 
557 454 503 506 491 
558 503 458 505 506 
559 506 505 108 107 
560 491 506 107 106 
561 31 32 509 493 
562 32 33 507 509 
563 509 507 459 508 
564 493 509 508 455 
565 455 508 512 496 
566 508 459 510 512 
567 512 510 460 511 
568 496 512 511 456 
569 456 511 515 499 
570 511 460 513 515 
571 515 513 461 514 
572 499 515 514 457 
573 457 514 518 502 
574 514 461 516 518 
575 518 516 462 517 
576 502 518 517 458 
577 458 517 520 505 
578 517 462 519 520 
579 520 519 110 109 
580 505 520 109 108 
581 33 34 523 507 
582 34 35 521 523 
583 523 521 463 522 
584 507 523 522 459 
585 459 522 526 510 
586 522 463 524 526 
587 526 524 464 525 
588 510 526 525 460 
589 460 525 529 513 
590 525 464 527 529 
591 529 527 465 528 
592 513 529 528 461 
593 461 528 532 516 
594 528 465 530 532 
595 532 530 466 531 
596 516 532 531 462 
597 462 531 534 519 
598 531 466 533 534 
599 534 533 112 111 
600 519 534 111 110 
601 35 36 537 521 
602 36 37 535 537 
603 537 535 467 536 
604 521 537 536 463 
605 463 536 540 524 
606 536 467 538 540 
607 540 538 468 539 
608 524 540 539 464 
609 464 539 543 527 
610 539 468 541 543 
611 543 541 469 542 
612 527 543 542 465 
613 465 542 546 530 
614 542 469 544 546 
615 546 544 470 545 
616 530 546 545 466 
617 466 545 548 533 
618 545 470 547 548 
619 548 547 114 113 
620 533 548 113 112 
621 37 38 551 535 
622 38 39 549 551 
623 551 549 471 550 
624 535 551 550 467 
625 467 550 554 538 
626 550 471 552 554 
627 554 552 472 553 
628 538 554 553 468 
629 468 553 557 541 
630 553 472 555 557 
631 557 555 473 556 
632 541 557 556 469 
633 469 556 560 544 
634 556 473 558 560 
635 560 558 474 559 
636 544 560 559 470 
637 470 559 562 547 
638 559 474 561 562 
639 562 561 116 115 
640 547 562 115 114 
641 39 40 565 549 
642 40 41 563 565 
643 565 563 475 564 
644 549 565 564 471 
645 471 564 568 552 
646 564 475 566 568 
647 568 566 476 567 
648 552 568 567 472 
649 472 567 571 555 
650 567 476 569 571 
651 571 569 477 570 
652 555 571 570 473 
653 473 570 574 558 
654 570 477 572 574 
655 574 572 478 573 
656 558 574 573 474 
657 474 573 576 561 
658 573 478 575 576 
659 576 575 118 117 
660 561 576 117 116 
661 41 42 578 563 
662 42 3 96 578 
663 578 96 97 577 
664 563 578 577 475 
665 475 577 580 566 
666 577 97 98 580 
667 580 98 99 579 
668 566 580 579 476 
669 476 579 582 569 
670 579 99 100 582 
671 582 100 101 581 
672 569 582 581 477 
673 477 581 584 572 
674 581 101 102 584 
675 584 102 103 583 
676 572 584 583 478 
677 478 583 585 575 
678 583 103 104 585 
679 585 104 9 119 
680 575 585 119 118 
2 4 3 40
681 3 43 592 96 
682 43 44 590 592 
683 592 590 586 591 
684 96 592 591 97 
685 97 591 595 98 
686 591 586 593 595 
687 595 593 587 594 
688 98 595 594 99 
689 99 594 598 100 
690 594 587 596 598 
691 598 596 588 597 
692 100 598 597 101 
693 101 597 601 102 
694 597 588 599 601 
695 601 599 589 600 
696 102 601 600 103 
697 103 600 603 104 
698 600 589 602 603 
699 603 602 130 129 
700 104 603 129 9 
701 44 45 605 590 
702 45 4 120 605 
703 605 120 121 604 
704 590 605 604 586 
705 586 604 607 593 
706 604 121 122 607 
707 607 122 123 606 
708 593 607 606 587 
709 587 606 609 596 
710 606 123 124 609 
711 609 124 125 608 
712 596 609 608 588 
713 588 608 611 599 
714 608 125 126 611 
715 611 126 127 610 
716 599 611 610 589 
717 589 610 612 602 
718 610 127 128 612 
719 612 128 10 131 
720 602 612 131 130 
2 5 3 40
721 4 46 619 120 
722 46 47 617 619 
723 619 617 613 618 
724 120 619 618 121 
725 121 618 622 122 
726 618 613 620 622 
727 622 620 614 621 
728 122 622 621 123 
729 123 621 625 124 
730 621 614 623 625 
731 625 623 615 624 
732 124 625 624 125 
733 125 624 628 126 
734 624 615 626 628 
735 628 626 616 627 
736 126 628 627 127 
737 127 627 630 128 
738 627 616 629 630 
739 630 629 142 141 
740 128 630 141 10 
741 47 48 632 617 
742 48 5 132 632 
743 632 132 133 631 
744 617 632 631 613 
745 613 631 634 620 
746 631 133 134 634 
747 634 134 135 633 
748 620 634 633 614 
749 614 633 636 623 
750 633 135 136 636 
751 636 136 137 635 
752 623 636 635 615 
753 615 635 638 626 
754 635 137 138 638 
755 638 138 139 637 
756 626 638 637 616 
757 616 637 639 629 
758 637 139 140 639 
759 639 140 11 143 
760 629 639 143 142 
2 6 3 40
761 5 49 646 132 
762 49 50 644 646 
763 646 644 640 645 
764 132 646 645 133 
765 133 645 649 134 
766 645 640 647 649 
767 649 647 641 648 
768 134 649 648 135 
769 135 648 652 136 
770 648 641 650 652 
771 652 650 642 651 
772 136 652 651 137 
773 137 651 655 138 
774 651 642 653 655 
775 655 653 643 654 
776 138 655 654 139 
777 139 654 657 140 
778 654 643 656 657 
779 657 656 154 153 
780 140 657 153 11 
781 50 51 659 644 
782 51 6 144 659 
783 659 144 145 658 
784 644 659 658 640 
785 640 658 661 647 
786 658 145 146 661 
787 661 146 147 660 
788 647 661 660 641 
789 641 660 663 650 
790 660 147 148 663 
791 663 148 149 662 
792 650 663 662 642 
793 642 662 665 653 
794 662 149 150 665 
795 665 150 151 664 
796 653 665 664 643 
797 643 664 666 656 
798 664 151 152 666 
799 666 152 12 155 
800 656 666 155 154 
2 7 3 120
801 6 52 689 144 
802 52 53 687 689 
803 689 687 667 688 
804 144 689 688 145 
805 145 688 692 146 
806 688 667 690 692 
807 692 690 668 691 
808 146 692 691 147 
809 147 691 695 148 
810 691 668 693 695 
811 695 693 669 694 
812 148 695 694 149 
813 149 694 698 150 
814 694 669 696 698 
815 698 696 670 697 
816 150 698 697 151 
817 151 697 700 152 
818 697 670 699 700 
819 700 699 157 156 
820 152 700 156 12 
821 53 54 703 687 
822 54 55 701 703 
823 703 701 671 702 
824 687 703 702 667 
825 667 702 706 690 
826 702 671 704 706 
827 706 704 672 705 
828 690 706 705 668 
829 668 705 709 693 
830 705 672 707 709 
831 709 707 673 708 
832 693 709 708 669 
833 669 708 712 696 
834 708 673 710 712 
835 712 710 674 711 
836 696 712 711 670 
837 670 711 714 699 
838 711 674 713 714 
839 714 713 159 158 
840 699 714 158 157 
841 55 56 717 701 
842 56 57 715 717 
843 717 715 675 716 
844 701 717 716 671 
845 671 716 720 704 
846 716 675 718 720 
847 720 718 676 719 
848 704 720 719 672 
849 672 719 723 707 
850 719 676 721 723 
851 723 721 677 722 
852 707 723 722 673 
853 673 722 726 710 
854 722 677 724 726 
855 726 724 678 725 
856 710 726 725 674 
857 674 725 728 713 
858 725 678 727 728 
859 728 727 161 160 
860 713 728 160 159 
861 57 58 731 715 
862 58 59 729 731 
863 731 729 679 730 
864 715 731 730 675 
865 675 730 734 718 
866 730 679 732 734 
867 734 732 680 733 
868 718 734 733 676 
869 676 733 737 721 
870 733 680 735 737 
871 737 735 681 736 
872 721 737 736 677 
873 677 736 740 724 
874 736 681 738 740 
875 740 738 682 739 
876 724 740 739 678 
877 678 739 742 727 
878 739 682 741 742 
879 742 741 163 162 
880 727 742 162 161 
881 59 60 745 729 
882 60 61 743 745 
883 745 743 683 744 
884 729 745 744 679 
885 679 744 748 732 
886 744 683 746 748 
887 748 746 684 747 
888 732 748 747 680 
889 680 747 751 735 
890 747 684 749 751 
891 751 749 685 750 
892 735 751 750 681 
893 681 750 754 738 
894 750 685 752 754 
895 754 752 686 753 
896 738 754 753 682 
897 682 753 756 741 
898 753 686 755 756 
899 756 755 165 164 
900 741 756 164 163 
901 61 62 758 743 
902 62 1 63 758 
903 758 63 64 757 
904 743 758 757 683 
905 683 757 760 746 
906 757 64 65 760 
907 760 65 66 759 
908 746 760 759 684 
909 684 759 762 749 
910 759 66 67 762 
911 762 67 68 761 
912 749 762 761 685 
913 685 761 764 752 
914 761 68 69 764 
915 764 69 70 763 
916 752 764 763 686 
917 686 763 765 755 
918 763 70 71 765 
919 765 71 7 166 
920 755 765 166 165 
2 8 3 176
921 112 113 800 799 
922 113 114 797 800 
923 800 797 772 798 
924 799 800 798 771 
925 116 801 803 115 
926 801 770 802 803 
927 803 802 772 797 
928 115 803 797 114 
929 769 804 806 805 
930 804 771 798 806 
931 806 798 772 802 
932 805 806 802 770 
933 769 807 810 804 
934 807 773 808 810 
935 810 808 774 809 
936 804 810 809 771 
937 108 109 813 812 
938 109 110 811 813 
939 813 811 774 808 
940 812 813 808 773 
941 112 799 814 111 
942 799 771 809 814 
943 814 809 774 811 
944 111 814 811 110 
945 767 815 819 818 
946 815 775 816 819 
947 819 816 777 817 
948 818 819 817 776 
949 7 81 822 821 
950 81 82 820 822 
951 822 820 777 816 
952 821 822 816 775 
953 84 823 824 83 
954 823 776 817 824 
955 824 817 777 820 
956 83 824 820 82 
957 84 85 827 823 
958 85 86 825 827 
959 827 825 779 826 
960 823 827 826 776 
961 88 828 830 87 
962 828 778 829 830 
963 830 829 779 825 
964 87 830 825 86 
965 767 818 832 831 
966 818 776 826 832 
967 832 826 779 829 
968 831 832 829 778 
969 766 833 837 836 
970 833 780 834 837 
971 837 834 783 835 
972 836 837 835 782 
973 159 160 840 839 
974 160 161 838 840 
975 840 838 783 834 
976 839 840 834 780 
977 163 841 843 162 
978 841 781 842 843 
979 843 842 783 838 
980 162 843 838 161 
981 768 844 846 845 
982 844 782 835 846 
983 846 835 783 842 
984 845 846 842 781 
985 11 847 850 143 
986 847 784 848 850 
987 850 848 786 849 
988 143 850 849 142 
989 766 851 854 853 
990 851 785 852 854 
991 854 852 786 848 
992 853 854 848 784 
993 9 129 857 856 
994 129 130 855 857 
995 857 855 786 852 
996 856 857 852 785 
997 10 141 858 131 
998 141 142 849 858 
999 858 849 786 855 
1000 131 858 855 130 
1001 768 845 862 861 
1002 845 781 859 862 
1003 862 859 788 860 
1004 861 862 860 787 
1005 163 164 864 841 
1006 164 165 863 864 
1007 864 863 788 859 
1008 841 864 859 781 
1009 7 821 866 166 
1010 821 775 865 866 
1011 866 865 788 863 
1012 166 866 863 165 
1013 767 867 868 815 
1014 867 787 860 868 
1015 868 860 788 865 
1016 815 868 865 775 
1017 92 869 872 91 
1018 869 789 870 872 
1019 872 870 791 871 
1020 91 872 871 90 
1021 769 873 876 875 
1022 873 790 874 876 
1023 876 874 791 870 
1024 875 876 870 789 
1025 767 831 879 878 
1026 831 778 877 879 
1027 879 877 791 874 
1028 878 879 874 790 
1029 88 89 880 828 
1030 89 90 871 880 
1031 880 871 791 877 
1032 828 880 877 778 
1033 116 881 884 801 
1034 881 792 882 884 
1035 884 882 793 883 
1036 801 884 883 770 
1037 768 861 887 886 
1038 861 787 885 887 
1039 887 885 793 882 
1040 886 887 882 792 
1041 767 878 889 867 
1042 878 790 888 889 
1043 889 888 793 885 
1044 867 889 885 787 
1045 769 805 890 873 
1046 805 770 883 890 
1047 890 883 793 888 
1048 873 890 888 790 
1049 768 886 893 844 
1050 886 792 891 893 
1051 893 891 794 892 
1052 844 893 892 782 
1053 116 117 895 881 
1054 117 118 894 895 
1055 895 894 794 891 
1056 881 895 891 792 
1057 9 856 897 119 
1058 856 785 896 897 
1059 897 896 794 894 
1060 119 897 894 118 
1061 766 836 898 851 
1062 836 782 892 898 
1063 898 892 794 896 
1064 851 898 896 785 
1065 159 839 901 158 
1066 839 780 899 901 
1067 901 899 795 900 
1068 158 901 900 157 
1069 766 853 903 833 
1070 853 784 902 903 
1071 903 902 795 899 
1072 833 903 899 780 
1073 11 153 905 847 
1074 153 154 904 905 
1075 905 904 795 902 
1076 847 905 902 784 
1077 12 156 906 155 
1078 156 157 900 906 
1079 906 900 795 904 
1080 155 906 904 154 
1081 8 105 909 95 
1082 105 106 907 909 
1083 909 907 796 908 
1084 95 909 908 94 
1085 108 812 911 107 
1086 812 773 910 911 
1087 911 910 796 907 
1088 107 911 907 106 
1089 769 875 913 807 
1090 875 789 912 913 
1091 913 912 796 910 
1092 807 913 910 773 
1093 92 93 914 869 
1094 93 94 908 914 
1095 914 908 796 912 
1096 869 914 912 789 
3 1 5 1760
1097 35 36 201 200 521 537 1048 1044 
1098 521 537 1048 1044 463 536 1047 1041 
1099 36 37 198 201 537 535 1045 1048 
1100 537 535 1045 1048 536 467 1042 1047 
1101 200 201 199 172 1044 1048 1046 1040 
1102 1044 1048 1046 1040 1041 1047 1043 935 
1103 201 198 173 199 1048 1045 1039 1046 
1104 1048 1045 1039 1046 1047 1042 939 1043 
1105 463 536 1047 1041 524 540 1058 1054 
1106 524 540 1058 1054 464 539 1057 1051 
1107 536 467 1042 1047 540 538 1055 1058 
1108 540 538 1055 1058 539 468 1052 1057 
1109 1041 1047 1043 935 1054 1058 1056 1050 
1110 1054 1058 1056 1050 1051 1057 1053 936 
1111 1047 1042 939 1043 1058 1055 1049 1056 
1112 1058 1055 1049 1056 1057 1052 940 1053 
1113 464 539 1057 1051 527 543 1068 1064 
1114 527 543 1068 1064 465 542 1067 1061 
1115 539 468 1052 1057 543 541 1065 1068 
1116 543 541 1065 1068 542 469 1062 1067 
1117 1051 1057 1053 936 1064 1068 1066 1060 
1118 1064 1068 1066 1060 1061 1067 1063 937 
1119 1057 1052 940 1053 1068 1065 1059 1066 
1120 1068 1065 1059 1066 1067 1062 941 1063 
1121 465 542 1067 1061 530 546 1078 1074 
1122 530 546 1078 1074 466 545 1077 1071 
1123 542 469 1062 1067 546 544 1075 1078 
1124 546 544 1075 1078 545 470 1072 1077 
1125 1061 1067 1063 937 1074 1078 1076 1070 
1126 1074 1078 1076 1070 1071 1077 1073 938 
1127 1067 1062 941 1063 1078 1075 1069 1076 
1128 1078 1075 1069 1076 1077 1072 942 1073 
1129 466 545 1077 1071 533 548 1084 1081 
1130 533 548 1084 1081 112 113 800 799 
1131 545 470 1072 1077 548 547 1082 1084 
1132 548 547 1082 1084 113 114 797 800 
1133 1071 1077 1073 938 1081 1084 1083 1080 
1134 1081 1084 1083 1080 799 800 798 771 
1135 1077 1072 942 1073 1084 1082 1079 1083 
1136 1084 1082 1079 1083 800 797 772 798 
1137 39 202 204 38 549 1088 1091 551 
1138 549 1088 1091 551 471 1086 1090 550 
1139 202 171 203 204 1088 1085 1089 1091 
1140 1088 1085 1089 1091 1086 931 1087 1090 
1141 38 204 198 37 551 1091 1045 535 
1142 551 1091 1045 535 550 1090 1042 467 
1143 204 203 173 198 1091 1089 1039 1045 
1144 1091 1089 1039 1045 1090 1087 939 1042 
1145 471 1086 1090 550 552 1095 1098 554 
1146 552 1095 1098 554 472 1093 1097 553 
1147 1086 931 1087 1090 1095 1092 1096 1098 
1148 1095 1092 1096 1098 1093 932 1094 1097 
1149 550 1090 1042 467 554 1098 1055 538 
1150 554 1098 1055 538 553 1097 1052 468 
1151 1090 1087 939 1042 1098 1096 1049 1055 
1152 1098 1096 1049 1055 1097 1094 940 1052 
1153 472 1093 1097 553 555 1102 1105 557 
1154 555 1102 1105 557 473 1100 1104 556 
1155 1093 932 1094 1097 1102 1099 1103 1105 
1156 1102 1099 1103 1105 1100 933 1101 1104 
1157 553 1097 1052 468 557 1105 1065 541 
1158 557 1105 1065 541 556 1104 1062 469 
1159 1097 1094 940 1052 1105 1103 1059 1065 
1160 1105 1103 1059 1065 1104 1101 941 1062 
1161 473 1100 1104 556 558 1109 1112 560 
1162 558 1109 1112 560 474 1107 1111 559 
1163 1100 933 1101 1104 1109 1106 1110 1112 
1164 1109 1106 1110 1112 1107 934 1108 1111 
1165 556 1104 1062 469 560 1112 1075 544 
1166 560 1112 1075 544 559 1111 1072 470 
1167 1104 1101 941 1062 1112 1110 1069 1075 
1168 1112 1110 1069 1075 1111 1108 942 1072 
1169 474 1107 1111 559 561 1114 1116 562 
1170 561 1114 1116 562 116 801 803 115 
1171 1107 934 1108 1111 1114 1113 1115 1116 
1172 1114 1113 1115 1116 801 770 802 803 
1173 559 1111 1072 470 562 1116 1082 547 
1174 562 1116 1082 547 115 803 797 114 
1175 1111 1108 942 1072 1116 1115 1079 1082 
1176 1116 1115 1079 1082 803 802 772 797 
1177 170 205 207 206 1117 1120 1123 1121 
1178 1117 1120 1123 1121 927 1118 1122 1119 
1179 205 172 199 207 1120 1040 1046 1123 
1180 1120 1040 1046 1123 1118 935 1043 1122 
1181 206 207 203 171 1121 1123 1089 1085 
1182 1121 1123 1089 1085 1119 1122 1087 931 
1183 207 199 173 203 1123 1046 1039 1089 
1184 1123 1046 1039 1089 1122 1043 939 1087 
1185 927 1118 1122 1119 1124 1127 1130 1128 
1186 1124 1127 1130 1128 928 1125 1129 1126 
1187 1118 935 1043 1122 1127 1050 1056 1130 
1188 1127 1050 1056 1130 1125 936 1053 1129 
1189 1119 1122 1087 931 1128 1130 1096 1092 
1190 1128 1130 1096 1092 1126 1129 1094 932 
1191 1122 1043 939 1087 1130 1056 1049 1096 
1192 1130 1056 1049 1096 1129 1053 940 1094 
1193 928 1125 1129 1126 1131 1134 1137 1135 
1194 1131 1134 1137 1135 929 1132 1136 1133 
1195 1125 936 1053 1129 1134 1060 1066 1137 
1196 1134 1060 1066 1137 1132 937 1063 1136 
1197 1126 1129 1094 932 1135 1137 1103 1099 
1198 1135 1137 1103 1099 1133 1136 1101 933 
1199 1129 1053 940 1094 1137 1066 1059 1103 
1200 1137 1066 1059 1103 1136 1063 941 1101 
1201 929 1132 1136 1133 1138 1141 1144 1142 
1202 1138 1141 1144 1142 930 1139 1143 1140 
1203 1132 937 1063 1136 1141 1070 1076 1144 
1204 1141 1070 1076 1144 1139 938 1073 1143 
1205 1133 1136 1101 933 1142 1144 1110 1106 
1206 1142 1144 1110 1106 1140 1143 1108 934 
1207 1136 1063 941 1101 1144 1076 1069 1110 
1208 1144 1076 1069 1110 1143 1073 942 1108 
1209 930 1139 1143 1140 1145 1146 1148 1147 
1210 1145 1146 1148 1147 769 804 806 805 
1211 1139 938 1073 1143 1146 1080 1083 1148 
1212 1146 1080 1083 1148 804 771 798 806 
1213 1140 1143 1108 934 1147 1148 1115 1113 
1214 1147 1148 1115 1113 805 806 802 770 
1215 1143 1073 942 1108 1148 1083 1079 1115 
1216 1148 1083 1079 1115 806 798 772 802 
1217 170 208 211 205 1117 1154 1158 1120 
1218 1117 1154 1158 1120 927 1151 1157 1118 
1219 208 174 209 211 1154 1149 1155 1158 
1220 1154 1149 1155 1158 1151 943 1152 1157 
1221 205 211 210 172 1120 1158 1156 1040 
1222 1120 1158 1156 1040 1118 1157 1153 935 
1223 211 209 175 210 1158 1155 1150 1156 
1224 1158 1155 1150 1156 1157 1152 947 1153 
1225 927 1151 1157 1118 1124 1164 1168 1127 
1226 1124 1164 1168 1127 928 1161 1167 1125 
1227 1151 943 1152 1157 1164 1159 1165 1168 
1228 1164 1159 1165 1168 1161 944 1162 1167 
1229 1118 1157 1153 935 1127 1168 1166 1050 
1230 1127 1168 1166 1050 1125 1167 1163 936 
1231 1157 1152 947 1153 1168 1165 1160 1166 
1232 1168 1165 1160 1166 1167 1162 948 1163 
1233 928 1161 1167 1125 1131 1174 1178 1134 
1234 1131 1174 1178 1134 929 1171 1177 1132 
1235 1161 944 1162 1167 1174 1169 1175 1178 
1236 1174 1169 1175 1178 1171 945 1172 1177 
1237 1125 1167 1163 936 1134 1178 1176 1060 
1238 1134 1178 1176 1060 1132 1177 1173 937 
1239 1167 1162 948 1163 1178 1175 1170 1176 
1240 1178 1175 1170 1176 1177 1172 949 1173 
1241 929 1171 1177 1132 1138 1184 1188 1141 
1242 1138 1184 1188 1141 930 1181 1187 1139 
1243 1171 945 1172 1177 1184 1179 1185 1188 
1244 1184 1179 1185 1188 1181 946 1182 1187 
1245 1132 1177 1173 937 1141 1188 1186 1070 
1246 1141 1188 1186 1070 1139 1187 1183 938 
1247 1177 1172 949 1173 1188 1185 1180 1186 
1248 1188 1185 1180 1186 1187 1182 950 1183 
1249 930 1181 1187 1139 1145 1191 1194 1146 
1250 1145 1191 1194 1146 769 807 810 804 
1251 1181 946 1182 1187 1191 1189 1192 1194 
1252 1191 1189 1192 1194 807 773 808 810 
1253 1139 1187 1183 938 1146 1194 1193 1080 
1254 1146 1194 1193 1080 804 810 809 771 
1255 1187 1182 950 1183 1194 1192 1190 1193 
1256 1194 1192 1190 1193 810 808 774 809 
1257 31 32 214 213 493 509 1200 1197 
1258 493 509 1200 1197 455 508 1199 1195 
1259 32 33 212 214 509 507 1198 1200 
1260 509 507 1198 1200 508 459 1196 1199 
1261 213 214 209 174 1197 1200 1155 1149 
1262 1197 1200 1155 1149 1195 1199 1152 943 
1263 214 212 175 209 1200 1198 1150 1155 
1264 1200 1198 1150 1155 1199 1196 947 1152 
1265 455 508 1199 1195 496 512 1206 1203 
1266 496 512 1206 1203 456 511 1205 1201 
1267 508 459 1196 1199 512 510 1204 1206 
1268 512 510 1204 1206 511 460 1202 1205 
1269 1195 1199 1152 943 1203 1206 1165 1159 
1270 1203 1206 1165 1159 1201 1205 1162 944 
1271 1199 1196 947 1152 1206 1204 1160 1165 
1272 1206 1204 1160 1165 1205 1202 948 1162 
1273 456 511 1205 1201 499 515 1212 1209 
1274 499 515 1212 1209 457 514 1211 1207 
1275 511 460 1202 1205 515 513 1210 1212 
1276 515 513 1210 1212 514 461 1208 1211 
1277 1201 1205 1162 944 1209 1212 1175 1169 
1278 1209 1212 1175 1169 1207 1211 1172 945 
1279 1205 1202 948 1162 1212 1210 1170 1175 
1280 1212 1210 1170 1175 1211 1208 949 1172 
1281 457 514 1211 1207 502 518 1218 1215 
1282 502 518 1218 1215 458 517 1217 1213 
1283 514 461 1208 1211 518 516 1216 1218 
1284 518 516 1216 1218 517 462 1214 1217 
1285 1207 1211 1172 945 1215 1218 1185 1179 
1286 1215 1218 1185 1179 1213 1217 1182 946 
1287 1211 1208 949 1172 1218 1216 1180 1185 
1288 1218 1216 1180 1185 1217 1214 950 1182 
1289 458 517 1217 1213 505 520 1221 1219 
1290 505 520 1221 1219 108 109 813 812 
1291 517 462 1214 1217 520 519 1220 1221 
1292 520 519 1220 1221 109 110 811 813 
1293 1213 1217 1182 946 1219 1221 1192 1189 
1294 1219 1221 1192 1189 812 813 808 773 
1295 1217 1214 950 1182 1221 1220 1190 1192 
1296 1221 1220 1190 1192 813 811 774 808 
1297 35 200 215 34 521 1044 1223 523 
1298 521 1044 1223 523 463 1041 1222 522 
1299 200 172 210 215 1044 1040 1156 1223 
1300 1044 1040 1156 1223 1041 935 1153 1222 
1301 34 215 212 33 523 1223 1198 507 
1302 523 1223 1198 507 522 1222 1196 459 
1303 215 210 175 212 1223 1156 1150 1198 
1304 1223 1156 1150 1198 1222 1153 947 1196 
1305 463 1041 1222 522 524 1054 1225 526 
1306 524 1054 1225 526 464 1051 1224 525 
1307 1041 935 1153 1222 1054 1050 1166 1225 
1308 1054 1050 1166 1225 1051 936 1163 1224 
1309 522 1222 1196 459 526 1225 1204 510 
1310 526 1225 1204 510 525 1224 1202 460 
1311 1222 1153 947 1196 1225 1166 1160 1204 
1312 1225 1166 1160 1204 1224 1163 948 1202 
1313 464 1051 1224 525 527 1064 1227 529 
1314 527 1064 1227 529 465 1061 1226 528 
1315 1051 936 1163 1224 1064 1060 1176 1227 
1316 1064 1060 1176 1227 1061 937 1173 1226 
1317 525 1224 1202 460 529 1227 1210 513 
1318 529 1227 1210 513 528 1226 1208 461 
1319 1224 1163 948 1202 1227 1176 1170 1210 
1320 1227 1176 1170 1210 1226 1173 949 1208 
1321 465 1061 1226 528 530 1074 1229 532 
1322 530 1074 1229 532 466 1071 1228 531 
1323 1061 937 1173 1226 1074 1070 1186 1229 
1324 1074 1070 1186 1229 1071 938 1183 1228 
1325 528 1226 1208 461 532 1229 1216 516 
1326 532 1229 1216 516 531 1228 1214 462 
1327 1226 1173 949 1208 1229 1186 1180 1216 
1328 1229 1186 1180 1216 1228 1183 950 1214 
1329 466 1071 1228 531 533 1081 1230 534 
1330 533 1081 1230 534 112 799 814 111 
1331 1071 938 1183 1228 1081 1080 1193 1230 
1332 1081 1080 1193 1230 799 771 809 814 
1333 531 1228 1214 462 534 1230 1220 519 
1334 534 1230 1220 519 111 814 811 110 
1335 1228 1183 950 1214 1230 1193 1190 1220 
1336 1230 1193 1190 1220 814 809 774 811 
1337 168 216 220 219 1231 1239 1244 1240 
1338 1231 1239 1244 1240 919 1235 1243 1236 
1339 216 176 217 220 1239 1232 1241 1244 
1340 1239 1232 1241 1244 1235 951 1237 1243 
1341 219 220 218 177 1240 1244 1242 1234 
1342 1240 1244 1242 1234 1236 1243 1238 955 
1343 220 217 178 218 1244 1241 1233 1242 
1344 1244 1241 1233 1242 1243 1237 959 1238 
1345 919 1235 1243 1236 1245 1253 1258 1254 
1346 1245 1253 1258 1254 920 1249 1257 1250 
1347 1235 951 1237 1243 1253 1246 1255 1258 
1348 1253 1246 1255 1258 1249 952 1251 1257 
1349 1236 1243 1238 955 1254 1258 1256 1248 
1350 1254 1258 1256 1248 1250 1257 1252 956 
1351 1243 1237 959 1238 1258 1255 1247 1256 
1352 1258 1255 1247 1256 1257 1251 960 1252 
1353 920 1249 1257 1250 1259 1267 1272 1268 
1354 1259 1267 1272 1268 921 1263 1271 1264 
1355 1249 952 1251 1257 1267 1260 1269 1272 
1356 1267 1260 1269 1272 1263 953 1265 1271 
1357 1250 1257 1252 956 1268 1272 1270 1262 
1358 1268 1272 1270 1262 1264 1271 1266 957 
1359 1257 1251 960 1252 1272 1269 1261 1270 
1360 1272 1269 1261 1270 1271 1265 961 1266 
1361 921 1263 1271 1264 1273 1281 1286 1282 
1362 1273 1281 1286 1282 922 1277 1285 1278 
1363 1263 953 1265 1271 1281 1274 1283 1286 
1364 1281 1274 1283 1286 1277 954 1279 1285 
1365 1264 1271 1266 957 1282 1286 1284 1276 
1366 1282 1286 1284 1276 1278 1285 1280 958 
1367 1271 1265 961 1266 1286 1283 1275 1284 
1368 1286 1283 1275 1284 1285 1279 962 1280 
1369 922 1277 1285 1278 1287 1291 1295 1292 
1370 1287 1291 1295 1292 767 815 819 818 
1371 1277 954 1279 1285 1291 1288 1293 1295 
1372 1291 1288 1293 1295 815 775 816 819 
1373 1278 1285 1280 958 1292 1295 1294 1290 
1374 1292 1295 1294 1290 818 819 817 776 
1375 1285 1279 962 1280 1295 1293 1289 1294 
1376 1295 1293 1289 1294 819 816 777 817 
1377 1 13 223 222 63 346 1301 1298 
1378 63 346 1301 1298 64 345 1300 1296 
1379 13 14 221 223 346 344 1299 1301 
1380 346 344 1299 1301 345 316 1297 1300 
1381 222 223 217 176 1298 1301 1241 1232 
1382 1298 1301 1241 1232 1296 1300 1237 951 
1383 223 221 178 217 1301 1299 1233 1241 
1384 1301 1299 1233 1241 1300 1297 959 1237 
1385 64 345 1300 1296 65 349 1307 1304 
1386 65 349 1307 1304 66 348 1306 1302 
1387 345 316 1297 1300 349 347 1305 1307 
1388 349 347 1305 1307 348 317 1303 1306 
1389 1296 1300 1237 951 1304 1307 1255 1246 
1390 1304 1307 1255 1246 1302 1306 1251 952 
1391 1300 1297 959 1237 1307 1305 1247 1255 
1392 1307 1305 1247 1255 1306 1303 960 1251 
1393 66 348 1306 1302 67 352 1313 1310 
1394 67 352 1313 1310 68 351 1312 1308 
1395 348 317 1303 1306 352 350 1311 1313 
1396 352 350 1311 1313 351 318 1309 1312 
1397 1302 1306 1251 952 1310 1313 1269 1260 
1398 1310 1313 1269 1260 1308 1312 1265 953 
1399 1306 1303 960 1251 1313 1311 1261 1269 
1400 1313 1311 1261 1269 1312 1309 961 1265 
1401 68 351 1312 1308 69 355 1319 1316 
1402 69 355 1319 1316 70 354 1318 1314 
1403 351 318 1309 1312 355 353 1317 1319 
1404 355 353 1317 1319 354 319 1315 1318 
1405 1308 1312 1265 953 1316 1319 1283 1274 
1406 1316 1319 1283 1274 1314 1318 1279 954 
1407 1312 1309 961 1265 1319 1317 1275 1283 
1408 1319 1317 1275 1283 1318 1315 962 1279 
1409 70 354 1318 1314 71 357 1322 1320 
1410 71 357 1322 1320 7 81 822 821 
1411 354 319 1315 1318 357 356 1321 1322 
1412 357 356 1321 1322 81 82 820 822 
1413 1314 1318 1279 954 1320 1322 1293 1288 
1414 1320 1322 1293 1288 821 822 816 775 
1415 1318 1315 962 1279 1322 1321 1289 1293 
1416 1322 1321 1289 1293 822 820 777 816 
1417 16 224 225 15 358 1324 1326 360 
1418 358 1324 1326 360 320 1323 1325 359 
1419 224 177 218 225 1324 1234 1242 1326 
1420 1324 1234 1242 1326 1323 955 1238 1325 
1421 15 225 221 14 360 1326 1299 344 
1422 360 1326 1299 344 359 1325 1297 316 
1423 225 218 178 221 1326 1242 1233 1299 
1424 1326 1242 1233 1299 1325 1238 959 1297 
1425 320 1323 1325 359 361 1328 1330 363 
1426 361 1328 1330 363 321 1327 1329 362 
1427 1323 955 1238 1325 1328 1248 1256 1330 
1428 1328 1248 1256 1330 1327 956 1252 1329 
1429 359 1325 1297 316 363 1330 1305 347 
1430 363 1330 1305 347 362 1329 1303 317 
1431 1325 1238 959 1297 1330 1256 1247 1305 
1432 1330 1256 1247 1305 1329 1252 960 1303 
1433 321 1327 1329 362 364 1332 1334 366 
1434 364 1332 1334 366 322 1331 1333 365 
1435 1327 956 1252 1329 1332 1262 1270 1334 
1436 1332 1262 1270 1334 1331 957 1266 1333 
1437 362 1329 1303 317 366 1334 1311 350 
1438 366 1334 1311 350 365 1333 1309 318 
1439 1329 1252 960 1303 1334 1270 1261 1311 
1440 1334 1270 1261 1311 1333 1266 961 1309 
1441 322 1331 1333 365 367 1336 1338 369 
1442 367 1336 1338 369 323 1335 1337 368 
1443 1331 957 1266 1333 1336 1276 1284 1338 
1444 1336 1276 1284 1338 1335 958 1280 1337 
1445 365 1333 1309 318 369 1338 1317 353 
1446 369 1338 1317 353 368 1337 1315 319 
1447 1333 1266 961 1309 1338 1284 1275 1317 
1448 1338 1284 1275 1317 1337 1280 962 1315 
1449 323 1335 1337 368 370 1339 1340 371 
1450 370 1339 1340 371 84 823 824 83 
1451 1335 958 1280 1337 1339 1290 1294 1340 
1452 1339 1290 1294 1340 823 776 817 824 
1453 368 1337 1315 319 371 1340 1321 356 
1454 371 1340 1321 356 83 824 820 82 
1455 1337 1280 962 1315 1340 1294 1289 1321 
1456 1340 1294 1289 1321 824 817 777 820 
1457 16 17 228 224 358 374 1347 1324 
1458 358 374 1347 1324 320 373 1346 1323 
1459 17 18 226 228 374 372 1344 1347 
1460 374 372 1344 1347 373 324 1342 1346 
1461 224 228 227 177 1324 1347 1345 1234 
1462 1324 1347 1345 1234 1323 1346 1343 955 
1463 228 226 180 227 1347 1344 1341 1345 
1464 1347 1344 1341 1345 1346 1342 967 1343 
1465 320 373 1346 1323 361 377 1354 1328 
1466 361 377 1354 1328 321 376 1353 1327 
1467 373 324 1342 1346 377 375 1351 1354 
1468 377 375 1351 1354 376 325 1349 1353 
1469 1323 1346 1343 955 1328 1354 1352 1248 
1470 1328 1354 1352 1248 1327 1353 1350 956 
1471 1346 1342 967 1343 1354 1351 1348 1352 
1472 1354 1351 1348 1352 1353 1349 968 1350 
1473 321 376 1353 1327 364 380 1361 1332 
1474 364 380 1361 1332 322 379 1360 1331 
1475 376 325 1349 1353 380 378 1358 1361 
1476 380 378 1358 1361 379 326 1356 1360 
1477 1327 1353 1350 956 1332 1361 1359 1262 
1478 1332 1361 1359 1262 1331 1360 1357 957 
1479 1353 1349 968 1350 1361 1358 1355 1359 
1480 1361 1358 1355 1359 1360 1356 969 1357 
1481 322 379 1360 1331 367 383 1368 1336 
1482 367 383 1368 1336 323 382 1367 1335 
1483 379 326 1356 1360 383 381 1365 1368 
1484 383 381 1365 1368 382 327 1363 1367 
1485 1331 1360 1357 957 1336 1368 1366 1276 
1486 1336 1368 1366 1276 1335 1367 1364 958 
1487 1360 1356 969 1357 1368 1365 1362 1366 
1488 1368 1365 1362 1366 1367 1363 970 1364 
1489 323 382 1367 1335 370 385 1372 1339 
1490 370 385 1372 1339 84 85 827 823 
1491 382 327 1363 1367 385 384 1370 1372 
1492 385 384 1370 1372 85 86 825 827 
1493 1335 1367 1364 958 1339 1372 1371 1290 
1494 1339 1372 1371 1290 823 827 826 776 
1495 1367 1363 970 1364 1372 1370 1369 1371 
1496 1372 1370 1369 1371 827 825 779 826 
1497 20 229 231 19 386 1376 1379 388 
1498 386 1376 1379 388 328 1374 1378 387 
1499 229 179 230 231 1376 1373 1377 1379 
1500 1376 1373 1377 1379 1374 963 1375 1378 
1501 19 231 226 18 388 1379 1344 372 
1502 388 1379 1344 372 387 1378 1342 324 
1503 231 230 180 226 1379 1377 1341 1344 
1504 1379 1377 1341 1344 1378 1375 967 1342 
1505 328 1374 1378 387 389 1383 1386 391 
1506 389 1383 1386 391 329 1381 1385 390 
1507 1374 963 1375 1378 1383 1380 1384 1386 
1508 1383 1380 1384 1386 1381 964 1382 1385 
1509 387 1378 1342 324 391 1386 1351 375 
1510 391 1386 1351 375 390 1385 1349 325 
1511 1378 1375 967 1342 1386 1384 1348 1351 
1512 1386 1384 1348 1351 1385 1382 968 1349 
1513 329 1381 1385 390 392 1390 1393 394 
1514 392 1390 1393 394 330 1388 1392 393 
1515 1381 964 1382 1385 1390 1387 1391 1393 
1516 1390 1387 1391 1393 1388 965 1389 1392 
1517 390 1385 1349 325 394 1393 1358 378 
1518 394 1393 1358 378 393 1392 1356 326 
1519 1385 1382 968 1349 1393 1391 1355 1358 
1520 1393 1391 1355 1358 1392 1389 969 1356 
1521 330 1388 1392 393 395 1397 1400 397 
1522 395 1397 1400 397 331 1395 1399 396 
1523 1388 965 1389 1392 1397 1394 1398 1400 
1524 1397 1394 1398 1400 1395 966 1396 1399 
1525 393 1392 1356 326 397 1400 1365 381 
1526 397 1400 1365 381 396 1399 1363 327 
1527 1392 1389 969 1356 1400 1398 1362 1365 
1528 1400 1398 1362 1365 1399 1396 970 1363 
1529 331 1395 1399 396 398 1402 1404 399 
1530 398 1402 1404 399 88 828 830 87 
1531 1395 966 1396 1399 1402 1401 1403 1404 
1532 1402 1401 1403 1404 828 778 829 830 
1533 396 1399 1363 327 399 1404 1370 384 
1534 399 1404 1370 384 87 830 825 86 
1535 1399 1396 970 1363 1404 1403 1369 1370 
1536 1404 1403 1369 1370 830 829 779 825 
1537 168 219 233 232 1231 1240 1408 1406 
1538 1231 1240 1408 1406 919 1236 1407 1405 
1539 219 177 227 233 1240 1234 1345 1408 
1540 1240 1234 1345 1408 1236 955 1343 1407 
1541 232 233 230 179 1406 1408 1377 1373 
1542 1406 1408 1377 1373 1405 1407 1375 963 
1543 233 227 180 230 1408 1345 1341 1377 
1544 1408 1345 1341 1377 1407 1343 967 1375 
1545 919 1236 1407 1405 1245 1254 1412 1410 
1546 1245 1254 1412 1410 920 1250 1411 1409 
1547 1236 955 1343 1407 1254 1248 1352 1412 
1548 1254 1248 1352 1412 1250 956 1350 1411 
1549 1405 1407 1375 963 1410 1412 1384 1380 
1550 1410 1412 1384 1380 1409 1411 1382 964 
1551 1407 1343 967 1375 1412 1352 1348 1384 
1552 1412 1352 1348 1384 1411 1350 968 1382 
1553 920 1250 1411 1409 1259 1268 1416 1414 
1554 1259 1268 1416 1414 921 1264 1415 1413 
1555 1250 956 1350 1411 1268 1262 1359 1416 
1556 1268 1262 1359 1416 1264 957 1357 1415 
1557 1409 1411 1382 964 1414 1416 1391 1387 
1558 1414 1416 1391 1387 1413 1415 1389 965 
1559 1411 1350 968 1382 1416 1359 1355 1391 
1560 1416 1359 1355 1391 1415 1357 969 1389 
1561 921 1264 1415 1413 1273 1282 1420 1418 
1562 1273 1282 1420 1418 922 1278 1419 1417 
1563 1264 957 1357 1415 1282 1276 1366 1420 
1564 1282 1276 1366 1420 1278 958 1364 1419 
1565 1413 1415 1389 965 1418 1420 1398 1394 
1566 1418 1420 1398 1394 1417 1419 1396 966 
1567 1415 1357 969 1389 1420 1366 1362 1398 
1568 1420 1366 1362 1398 1419 1364 970 1396 
1569 922 1278 1419 1417 1287 1292 1422 1421 
1570 1287 1292 1422 1421 767 818 832 831 
1571 1278 958 1364 1419 1292 1290 1371 1422 
1572 1292 1290 1371 1422 818 776 826 832 
1573 1417 1419 1396 966 1421 1422 1403 1401 
1574 1421 1422 1403 1401 831 832 829 778 
1575 1419 1364 970 1396 1422 1371 1369 1403 
1576 1422 1371 1369 1403 832 826 779 829 
1577 167 234 238 237 1423 1431 1436 1432 
1578 1423 1431 1436 1432 915 1427 1435 1428 
1579 234 181 235 238 1431 1424 1433 1436 
1580 1431 1424 1433 1436 1427 971 1429 1435 
1581 237 238 236 183 1432 1436 1434 1426 
1582 1432 1436 1434 1426 1428 1435 1430 979 
1583 238 235 184 236 1436 1433 1425 1434 
1584 1436 1433 1425 1434 1435 1429 983 1430 
1585 915 1427 1435 1428 1437 1445 1450 1446 
1586 1437 1445 1450 1446 916 1441 1449 1442 
1587 1427 971 1429 1435 1445 1438 1447 1450 
1588 1445 1438 1447 1450 1441 972 1443 1449 
1589 1428 1435 1430 979 1446 1450 1448 1440 
1590 1446 1450 1448 1440 1442 1449 1444 980 
1591 1435 1429 983 1430 1450 1447 1439 1448 
1592 1450 1447 1439 1448 1449 1443 984 1444 
1593 916 1441 1449 1442 1451 1459 1464 1460 
1594 1451 1459 1464 1460 917 1455 1463 1456 
1595 1441 972 1443 1449 1459 1452 1461 1464 
1596 1459 1452 1461 1464 1455 973 1457 1463 
1597 1442 1449 1444 980 1460 1464 1462 1454 
1598 1460 1464 1462 1454 1456 1463 1458 981 
1599 1449 1443 984 1444 1464 1461 1453 1462 
1600 1464 1461 1453 1462 1463 1457 985 1458 
1601 917 1455 1463 1456 1465 1473 1478 1474 
1602 1465 1473 1478 1474 918 1469 1477 1470 
1603 1455 973 1457 1463 1473 1466 1475 1478 
1604 1473 1466 1475 1478 1469 974 1471 1477 
1605 1456 1463 1458 981 1474 1478 1476 1468 
1606 1474 1478 1476 1468 1470 1477 1472 982 
1607 1463 1457 985 1458 1478 1475 1467 1476 
1608 1478 1475 1467 1476 1477 1471 986 1472 
1609 918 1469 1477 1470 1479 1483 1487 1484 
1610 1479 1483 1487 1484 766 833 837 836 
1611 1469 974 1471 1477 1483 1480 1485 1487 
1612 1483 1480 1485 1487 833 780 834 837 
1613 1470 1477 1472 982 1484 1487 1486 1482 
1614 1484 1487 1486 1482 836 837 835 782 
1615 1477 1471 986 1472 1487 1485 1481 1486 
1616 1487 1485 1481 1486 837 834 783 835 
1617 55 56 241 240 701 717 1493 1490 
1618 701 717 1493 1490 671 716 1492 1488 
1619 56 57 239 241 717 715 1491 1493 
1620 717 715 1491 1493 716 675 1489 1492 
1621 240 241 235 181 1490 1493 1433 1424 
1622 1490 1493 1433 1424 1488 1492 1429 971 
1623 241 239 184 235 1493 1491 1425 1433 
1624 1493 1491 1425 1433 1492 1489 983 1429 
1625 671 716 1492 1488 704 720 1499 1496 
1626 704 720 1499 1496 672 719 1498 1494 
1627 716 675 1489 1492 720 718 1497 1499 
1628 720 718 1497 1499 719 676 1495 1498 
1629 1488 1492 1429 971 1496 1499 1447 1438 
1630 1496 1499 1447 1438 1494 1498 1443 972 
1631 1492 1489 983 1429 1499 1497 1439 1447 
1632 1499 1497 1439 1447 1498 1495 984 1443 
1633 672 719 1498 1494 707 723 1505 1502 
1634 707 723 1505 1502 673 722 1504 1500 
1635 719 676 1495 1498 723 721 1503 1505 
1636 723 721 1503 1505 722 677 1501 1504 
1637 1494 1498 1443 972 1502 1505 1461 1452 
1638 1502 1505 1461 1452 1500 1504 1457 973 
1639 1498 1495 984 1443 1505 1503 1453 1461 
1640 1505 1503 1453 1461 1504 1501 985 1457 
1641 673 722 1504 1500 710 726 1511 1508 
1642 710 726 1511 1508 674 725 1510 1506 
1643 722 677 1501 1504 726 724 1509 1511 
1644 726 724 1509 1511 725 678 1507 1510 
1645 1500 1504 1457 973 1508 1511 1475 1466 
1646 1508 1511 1475 1466 1506 1510 1471 974 
1647 1504 1501 985 1457 1511 1509 1467 1475 
1648 1511 1509 1467 1475 1510 1507 986 1471 
1649 674 725 1510 1506 713 728 1514 1512 
1650 713 728 1514 1512 159 160 840 839 
1651 725 678 1507 1510 728 727 1513 1514 
1652 728 727 1513 1514 160 161 838 840 
1653 1506 1510 1471 974 1512 1514 1485 1480 
1654 1512 1514 1485 1480 839 840 834 780 
1655 1510 1507 986 1471 1514 1513 1481 1485 
1656 1514 1513 1481 1485 840 838 783 834 
1657 59 242 244 58 729 1518 1521 731 
1658 729 1518 1521 731 679 1516 1520 730 
1659 242 182 243 244 1518 1515 1519 1521 
1660 1518 1515 1519 1521 1516 975 1517 1520 
1661 58 244 239 57 731 1521 1491 715 
1662 731 1521 1491 715 730 1520 1489 675 
1663 244 243 184 239 1521 1519 1425 1491 
1664 1521 1519 1425 1491 1520 1517 983 1489 
1665 679 1516 1520 730 732 1525 1528 734 
1666 732 1525 1528 734 680 1523 1527 733 
1667 1516 975 1517 1520 1525 1522 1526 1528 
1668 1525 1522 1526 1528 1523 976 1524 1527 
1669 730 1520 1489 675 734 1528 1497 718 
1670 734 1528 1497 718 733 1527 1495 676 
1671 1520 1517 983 1489 1528 1526 1439 1497 
1672 1528 1526 1439 1497 1527 1524 984 1495 
1673 680 1523 1527 733 735 1532 1535 737 
1674 735 1532 1535 737 681 1530 1534 736 
1675 1523 976 1524 1527 1532 1529 1533 1535 
1676 1532 1529 1533 1535 1530 977 1531 1534 
1677 733 1527 1495 676 737 1535 1503 721 
1678 737 1535 1503 721 736 1534 1501 677 
1679 1527 1524 984 1495 1535 1533 1453 1503 
1680 1535 1533 1453 1503 1534 1531 985 1501 
1681 681 1530 1534 736 738 1539 1542 740 
1682 738 1539 1542 740 682 1537 1541 739 
1683 1530 977 1531 1534 1539 1536 1540 1542 
1684 1539 1536 1540 1542 1537 978 1538 1541 
1685 736 1534 1501 677 740 1542 1509 724 
1686 740 1542 1509 724 739 1541 1507 678 
1687 1534 1531 985 1501 1542 1540 1467 1509 
1688 1542 1540 1467 1509 1541 1538 986 1507 
1689 682 1537 1541 739 741 1544 1546 742 
1690 741 1544 1546 742 163 841 843 162 
1691 1537 978 1538 1541 1544 1543 1545 1546 
1692 1544 1543 1545 1546 841 781 842 843 
1693 739 1541 1507 678 742 1546 1513 727 
1694 742 1546 1513 727 162 843 838 161 
1695 1541 1538 986 1507 1546 1545 1481 1513 
1696 1546 1545 1481 1513 843 842 783 838 
1697 169 245 247 246 1547 1550 1553 1551 
1698 1547 1550 1553 1551 923 1548 1552 1549 
1699 245 183 236 247 1550 1426 1434 1553 
1700 1550 1426 1434 1553 1548 979 1430 1552 
1701 246 247 243 182 1551 1553 1519 1515 
1702 1551 1553 1519 1515 1549 1552 1517 975 
1703 247 236 184 243 1553 1434 1425 1519 
1704 1553 1434 1425 1519 1552 1430 983 1517 
1705 923 1548 1552 1549 1554 1557 1560 1558 
1706 1554 1557 1560 1558 924 1555 1559 1556 
1707 1548 979 1430 1552 1557 1440 1448 1560 
1708 1557 1440 1448 1560 1555 980 1444 1559 
1709 1549 1552 1517 975 1558 1560 1526 1522 
1710 1558 1560 1526 1522 1556 1559 1524 976 
1711 1552 1430 983 1517 1560 1448 1439 1526 
1712 1560 1448 1439 1526 1559 1444 984 1524 
1713 924 1555 1559 1556 1561 1564 1567 1565 
1714 1561 1564 1567 1565 925 1562 1566 1563 
1715 1555 980 1444 1559 1564 1454 1462 1567 
1716 1564 1454 1462 1567 1562 981 1458 1566 
1717 1556 1559 1524 976 1565 1567 1533 1529 
1718 1565 1567 1533 1529 1563 1566 1531 977 
1719 1559 1444 984 1524 1567 1462 1453 1533 
1720 1567 1462 1453 1533 1566 1458 985 1531 
1721 925 1562 1566 1563 1568 1571 1574 1572 
1722 1568 1571 1574 1572 926 1569 1573 1570 
1723 1562 981 1458 1566 1571 1468 1476 1574 
1724 1571 1468 1476 1574 1569 982 1472 1573 
1725 1563 1566 1531 977 1572 1574 1540 1536 
1726 1572 1574 1540 1536 1570 1573 1538 978 
1727 1566 1458 985 1531 1574 1476 1467 1540 
1728 1574 1476 1467 1540 1573 1472 986 1538 
1729 926 1569 1573 1570 1575 1576 1578 1577 
1730 1575 1576 1578 1577 768 844 846 845 
1731 1569 982 1472 1573 1576 1482 1486 1578 
1732 1576 1482 1486 1578 844 782 835 846 
1733 1570 1573 1538 978 1577 1578 1545 1543 
1734 1577 1578 1545 1543 845 846 842 781 
1735 1573 1472 986 1538 1578 1486 1481 1545 
1736 1578 1486 1481 1545 846 835 783 842 
1737 5 248 251 48 132 1584 1588 632 
1738 132 1584 1588 632 133 1581 1587 631 
1739 248 185 249 251 1584 1579 1585 1588 
1740 1584 1579 1585 1588 1581 987 1582 1587 
1741 48 251 250 47 632 1588 1586 617 
1742 632 1588 1586 617 631 1587 1583 613 
1743 251 249 187 250 1588 1585 1580 1586 
1744 1588 1585 1580 1586 1587 1582 995 1583 
1745 133 1581 1587 631 134 1594 1598 634 
1746 134 1594 1598 634 135 1591 1597 633 
1747 1581 987 1582 1587 1594 1589 1595 1598 
1748 1594 1589 1595 1598 1591 988 1592 1597 
1749 631 1587 1583 613 634 1598 1596 620 
1750 634 1598 1596 620 633 1597 1593 614 
1751 1587 1582 995 1583 1598 1595 1590 1596 
1752 1598 1595 1590 1596 1597 1592 996 1593 
1753 135 1591 1597 633 136 1604 1608 636 
1754 136 1604 1608 636 137 1601 1607 635 
1755 1591 988 1592 1597 1604 1599 1605 1608 
1756 1604 1599 1605 1608 1601 989 1602 1607 
1757 633 1597 1593 614 636 1608 1606 623 
1758 636 1608 1606 623 635 1607 1603 615 
1759 1597 1592 996 1593 1608 1605 1600 1606 
1760 1608 1605 1600 1606 1607 1602 997 1603 
1761 137 1601 1607 635 138 1614 1618 638 
1762 138 1614 1618 638 139 1611 1617 637 
1763 1601 989 1602 1607 1614 1609 1615 1618 
1764 1614 1609 1615 1618 1611 990 1612 1617 
1765 635 1607 1603 615 638 1618 1616 626 
1766 638 1618 1616 626 637 1617 1613 616 
1767 1607 1602 997 1603 1618 1615 1610 1616 
1768 1618 1615 1610 1616 1617 1612 998 1613 
1769 139 1611 1617 637 140 1621 1624 639 
1770 140 1621 1624 639 11 847 850 143 
1771 1611 990 1612 1617 1621 1619 1622 1624 
1772 1621 1619 1622 1624 847 784 848 850 
1773 637 1617 1613 616 639 1624 1623 629 
1774 639 1624 1623 629 143 850 849 142 
1775 1617 1612 998 1613 1624 1622 1620 1623 
1776 1624 1622 1620 1623 850 848 786 849 
1777 167 252 255 254 1423 1629 1633 1630 
1778 1423 1629 1633 1630 915 1626 1632 1627 
1779 252 186 253 255 1629 1625 1631 1633 
1780 1629 1625 1631 1633 1626 991 1628 1632 
1781 254 255 249 185 1630 1633 1585 1579 
1782 1630 1633 1585 1579 1627 1632 1582 987 
1783 255 253 187 249 1633 1631 1580 1585 
1784 1633 1631 1580 1585 1632 1628 995 1582 
1785 915 1626 1632 1627 1437 1638 1642 1639 
1786 1437 1638 1642 1639 916 1635 1641 1636 
1787 1626 991 1628 1632 1638 1634 1640 1642 
1788 1638 1634 1640 1642 1635 992 1637 1641 
1789 1627 1632 1582 987 1639 1642 1595 1589 
1790 1639 1642 1595 1589 1636 1641 1592 988 
1791 1632 1628 995 1582 1642 1640 1590 1595 
1792 1642 1640 1590 1595 1641 1637 996 1592 
1793 916 1635 1641 1636 1451 1647 1651 1648 
1794 1451 1647 1651 1648 917 1644 1650 1645 
1795 1635 992 1637 1641 1647 1643 1649 1651 
1796 1647 1643 1649 1651 1644 993 1646 1650 
1797 1636 1641 1592 988 1648 1651 1605 1599 
1798 1648 1651 1605 1599 1645 1650 1602 989 
1799 1641 1637 996 1592 1651 1649 1600 1605 
1800 1651 1649 1600 1605 1650 1646 997 1602 
1801 917 1644 1650 1645 1465 1656 1660 1657 
1802 1465 1656 1660 1657 918 1653 1659 1654 
1803 1644 993 1646 1650 1656 1652 1658 1660 
1804 1656 1652 1658 1660 1653 994 1655 1659 
1805 1645 1650 1602 989 1657 1660 1615 1609 
1806 1657 1660 1615 1609 1654 1659 1612 990 
1807 1650 1646 997 1602 1660 1658 1610 1615 
1808 1660 1658 1610 1615 1659 1655 998 1612 
1809 918 1653 1659 1654 1479 1662 1665 1663 
1810 1479 1662 1665 1663 766 851 854 853 
1811 1653 994 1655 1659 1662 1661 1664 1665 
1812 1662 1661 1664 1665 851 785 852 854 
1813 1654 1659 1612 990 1663 1665 1622 1619 
1814 1663 1665 1622 1619 853 854 848 784 
1815 1659 1655 998 1612 1665 1664 1620 1622 
1816 1665 1664 1620 1622 854 852 786 848 
1817 3 43 258 257 96 592 1671 1668 
1818 96 592 1671 1668 97 591 1670 1666 
1819 43 44 256 258 592 590 1669 1671 
1820 592 590 1669 1671 591 586 1667 1670 
1821 257 258 253 186 1668 1671 1631 1625 
1822 1668 1671 1631 1625 1666 1670 1628 991 
1823 258 256 187 253 1671 1669 1580 1631 
1824 1671 1669 1580 1631 1670 1667 995 1628 
1825 97 591 1670 1666 98 595 1677 1674 
1826 98 595 1677 1674 99 594 1676 1672 
1827 591 586 1667 1670 595 593 1675 1677 
1828 595 593 1675 1677 594 587 1673 1676 
1829 1666 1670 1628 991 1674 1677 1640 1634 
1830 1674 1677 1640 1634 1672 1676 1637 992 
1831 1670 1667 995 1628 1677 1675 1590 1640 
1832 1677 1675 1590 1640 1676 1673 996 1637 
1833 99 594 1676 1672 100 598 1683 1680 
1834 100 598 1683 1680 101 597 1682 1678 
1835 594 587 1673 1676 598 596 1681 1683 
1836 598 596 1681 1683 597 588 1679 1682 
1837 1672 1676 1637 992 1680 1683 1649 1643 
1838 1680 1683 1649 1643 1678 1682 1646 993 
1839 1676 1673 996 1637 1683 1681 1600 1649 
1840 1683 1681 1600 1649 1682 1679 997 1646 
1841 101 597 1682 1678 102 601 1689 1686 
1842 102 601 1689 1686 103 600 1688 1684 
1843 597 588 1679 1682 601 599 1687 1689 
1844 601 599 1687 1689 600 589 1685 1688 
1845 1678 1682 1646 993 1686 1689 1658 1652 
1846 1686 1689 1658 1652 1684 1688 1655 994 
1847 1682 1679 997 1646 1689 1687 1610 1658 
1848 1689 1687 1610 1658 1688 1685 998 1655 
1849 103 600 1688 1684 104 603 1692 1690 
1850 104 603 1692 1690 9 129 857 856 
1851 600 589 1685 1688 603 602 1691 1692 
1852 603 602 1691 1692 129 130 855 857 
1853 1684 1688 1655 994 1690 1692 1664 1661 
1854 1690 1692 1664 1661 856 857 852 785 
1855 1688 1685 998 1655 1692 1691 1620 1664 
1856 1692 1691 1620 1664 857 855 786 852 
1857 4 46 259 45 120 619 1694 605 
1858 120 619 1694 605 121 618 1693 604 
1859 46 47 250 259 619 617 1586 1694 
1860 619 617 1586 1694 618 613 1583 1693 
1861 45 259 256 44 605 1694 1669 590 
1862 605 1694 1669 590 604 1693 1667 586 
1863 259 250 187 256 1694 1586 1580 1669 
1864 1694 1586 1580 1669 1693 1583 995 1667 
1865 121 618 1693 604 122 622 1696 607 
1866 122 622 1696 607 123 621 1695 606 
1867 618 613 1583 1693 622 620 1596 1696 
1868 622 620 1596 1696 621 614 1593 1695 
1869 604 1693 1667 586 607 1696 1675 593 
1870 607 1696 1675 593 606 1695 1673 587 
1871 1693 1583 995 1667 1696 1596 1590 1675 
1872 1696 1596 1590 1675 1695 1593 996 1673 
1873 123 621 1695 606 124 625 1698 609 
1874 124 625 1698 609 125 624 1697 608 
1875 621 614 1593 1695 625 623 1606 1698 
1876 625 623 1606 1698 624 615 1603 1697 
1877 606 1695 1673 587 609 1698 1681 596 
1878 609 1698 1681 596 608 1697 1679 588 
1879 1695 1593 996 1673 1698 1606 1600 1681 
1880 1698 1606 1600 1681 1697 1603 997 1679 
1881 125 624 1697 608 126 628 1700 611 
1882 126 628 1700 611 127 627 1699 610 
1883 624 615 1603 1697 628 626 1616 1700 
1884 628 626 1616 1700 627 616 1613 1699 
1885 608 1697 1679 588 611 1700 1687 599 
1886 611 1700 1687 599 610 1699 1685 589 
1887 1697 1603 997 1679 1700 1616 1610 1687 
1888 1700 1616 1610 1687 1699 1613 998 1685 
1889 127 627 1699 610 128 630 1701 612 
1890 128 630 1701 612 10 141 858 131 
1891 627 616 1613 1699 630 629 1623 1701 
1892 630 629 1623 1701 141 142 849 858 
1893 610 1699 1685 589 612 1701 1691 602 
1894 612 1701 1691 602 131 858 855 130 
1895 1699 1613 998 1685 1701 1623 1620 1691 
1896 1701 1623 1620 1691 858 849 786 855 
1897 169 246 263 262 1547 1551 1711 1707 
1898 1547 1551 1711 1707 923 1549 1710 1704 
1899 246 182 260 263 1551 1515 1708 1711 
1900 1551 1515 1708 1711 1549 975 1705 1710 
1901 262 263 261 188 1707 1711 1709 1703 
1902 1707 1711 1709 1703 1704 1710 1706 999 
1903 263 260 189 261 1711 1708 1702 1709 
1904 1711 1708 1702 1709 1710 1705 1003 1706 
1905 923 1549 1710 1704 1554 1558 1721 1717 
1906 1554 1558 1721 1717 924 1556 1720 1714 
1907 1549 975 1705 1710 1558 1522 1718 1721 
1908 1558 1522 1718 1721 1556 976 1715 1720 
1909 1704 1710 1706 999 1717 1721 1719 1713 
1910 1717 1721 1719 1713 1714 1720 1716 1000 
1911 1710 1705 1003 1706 1721 1718 1712 1719 
1912 1721 1718 1712 1719 1720 1715 1004 1716 
1913 924 1556 1720 1714 1561 1565 1731 1727 
1914 1561 1565 1731 1727 925 1563 1730 1724 
1915 1556 976 1715 1720 1565 1529 1728 1731 
1916 1565 1529 1728 1731 1563 977 1725 1730 
1917 1714 1720 1716 1000 1727 1731 1729 1723 
1918 1727 1731 1729 1723 1724 1730 1726 1001 
1919 1720 1715 1004 1716 1731 1728 1722 1729 
1920 1731 1728 1722 1729 1730 1725 1005 1726 
1921 925 1563 1730 1724 1568 1572 1741 1737 
1922 1568 1572 1741 1737 926 1570 1740 1734 
1923 1563 977 1725 1730 1572 1536 1738 1741 
1924 1572 1536 1738 1741 1570 978 1735 1740 
1925 1724 1730 1726 1001 1737 1741 1739 1733 
1926 1737 1741 1739 1733 1734 1740 1736 1002 
1927 1730 1725 1005 1726 1741 1738 1732 1739 
1928 1741 1738 1732 1739 1740 1735 1006 1736 
1929 926 1570 1740 1734 1575 1577 1747 1744 
1930 1575 1577 1747 1744 768 845 862 861 
1931 1570 978 1735 1740 1577 1543 1745 1747 
1932 1577 1543 1745 1747 845 781 859 862 
1933 1734 1740 1736 1002 1744 1747 1746 1743 
1934 1744 1747 1746 1743 861 862 860 787 
1935 1740 1735 1006 1736 1747 1745 1742 1746 
1936 1747 1745 1742 1746 862 859 788 860 
1937 59 60 265 242 729 745 1751 1518 
1938 729 745 1751 1518 679 744 1750 1516 
1939 60 61 264 265 745 743 1749 1751 
1940 745 743 1749 1751 744 683 1748 1750 
1941 242 265 260 182 1518 1751 1708 1515 
1942 1518 1751 1708 1515 1516 1750 1705 975 
1943 265 264 189 260 1751 1749 1702 1708 
1944 1751 1749 1702 1708 1750 1748 1003 1705 
1945 679 744 1750 1516 732 748 1755 1525 
1946 732 748 1755 1525 680 747 1754 1523 
1947 744 683 1748 1750 748 746 1753 1755 
1948 748 746 1753 1755 747 684 1752 1754 
1949 1516 1750 1705 975 1525 1755 1718 1522 
1950 1525 1755 1718 1522 1523 1754 1715 976 
1951 1750 1748 1003 1705 1755 1753 1712 1718 
1952 1755 1753 1712 1718 1754 1752 1004 1715 
1953 680 747 1754 1523 735 751 1759 1532 
1954 735 751 1759 1532 681 750 1758 1530 
1955 747 684 1752 1754 751 749 1757 1759 
1956 751 749 1757 1759 750 685 1756 1758 
1957 1523 1754 1715 976 1532 1759 1728 1529 
1958 1532 1759 1728 1529 1530 1758 1725 977 
1959 1754 1752 1004 1715 1759 1757 1722 1728 
1960 1759 1757 1722 1728 1758 1756 1005 1725 
1961 681 750 1758 1530 738 754 1763 1539 
1962 738 754 1763 1539 682 753 1762 1537 
1963 750 685 1756 1758 754 752 1761 1763 
1964 754 752 1761 1763 753 686 1760 1762 
1965 1530 1758 1725 977 1539 1763 1738 1536 
1966 1539 1763 1738 1536 1537 1762 1735 978 
1967 1758 1756 1005 1725 1763 1761 1732 1738 
1968 1763 1761 1732 1738 1762 1760 1006 1735 
1969 682 753 1762 1537 741 756 1765 1544 
1970 741 756 1765 1544 163 164 864 841 
1971 753 686 1760 1762 756 755 1764 1765 
1972 756 755 1764 1765 164 165 863 864 
1973 1537 1762 1735 978 1544 1765 1745 1543 
1974 1544 1765 1745 1543 841 864 859 781 
1975 1762 1760 1006 1735 1765 1764 1742 1745 
1976 1765 1764 1742 1745 864 863 788 859 
1977 1 222 267 62 63 1298 1769 758 
1978 63 1298 1769 758 64 1296 1768 757 
1979 222 176 266 267 1298 1232 1767 1769 
1980 1298 1232 1767 1769 1296 951 1766 1768 
1981 62 267 264 61 758 1769 1749 743 
1982 758 1769 1749 743 757 1768 1748 683 
1983 267 266 189 264 1769 1767 1702 1749 
1984 1769 1767 1702 1749 1768 1766 1003 1748 
1985 64 1296 1768 757 65 1304 1773 760 
1986 65 1304 1773 760 66 1302 1772 759 
1987 1296 951 1766 1768 1304 1246 1771 1773 
1988 1304 1246 1771 1773 1302 952 1770 1772 
1989 757 1768 1748 683 760 1773 1753 746 
1990 760 1773 1753 746 759 1772 1752 684 
1991 1768 1766 1003 1748 1773 1771 1712 1753 
1992 1773 1771 1712 1753 1772 1770 1004 1752 
1993 66 1302 1772 759 67 1310 1777 762 
1994 67 1310 1777 762 68 1308 1776 761 
1995 1302 952 1770 1772 1310 1260 1775 1777 
1996 1310 1260 1775 1777 1308 953 1774 1776 
1997 759 1772 1752 684 762 1777 1757 749 
1998 762 1777 1757 749 761 1776 1756 685 
1999 1772 1770 1004 1752 1777 1775 1722 1757 
2000 1777 1775 1722 1757 1776 1774 1005 1756 
2001 68 1308 1776 761 69 1316 1781 764 
2002 69 1316 1781 764 70 1314 1780 763 
2003 1308 953 1774 1776 1316 1274 1779 1781 
2004 1316 1274 1779 1781 1314 954 1778 1780 
2005 761 1776 1756 685 764 1781 1761 752 
2006 764 1781 1761 752 763 1780 1760 686 
2007 1776 1774 1005 1756 1781 1779 1732 1761 
2008 1781 1779 1732 1761 1780 1778 1006 1760 
2009 70 1314 1780 763 71 1320 1783 765 
2010 71 1320 1783 765 7 821 866 166 
2011 1314 954 1778 1780 1320 1288 1782 1783 
2012 1320 1288 1782 1783 821 775 865 866 
2013 763 1780 1760 686 765 1783 1764 755 
2014 765 1783 1764 755 166 866 863 165 
2015 1780 1778 1006 1760 1783 1782 1742 1764 
2016 1783 1782 1742 1764 866 865 788 863 
2017 168 268 269 216 1231 1785 1787 1239 
2018 1231 1785 1787 1239 919 1784 1786 1235 
2019 268 188 261 269 1785 1703 1709 1787 
2020 1785 1703 1709 1787 1784 999 1706 1786 
2021 216 269 266 176 1239 1787 1767 1232 
2022 1239 1787 1767 1232 1235 1786 1766 951 
2023 269 261 189 266 1787 1709 1702 1767 
2024 1787 1709 1702 1767 1786 1706 1003 1766 
2025 919 1784 1786 1235 1245 1789 1791 1253 
2026 1245 1789 1791 1253 920 1788 1790 1249 
2027 1784 999 1706 1786 1789 1713 1719 1791 
2028 1789 1713 1719 1791 1788 1000 1716 1790 
2029 1235 1786 1766 951 1253 1791 1771 1246 
2030 1253 1791 1771 1246 1249 1790 1770 952 
2031 1786 1706 1003 1766 1791 1719 1712 1771 
2032 1791 1719 1712 1771 1790 1716 1004 1770 
2033 920 1788 1790 1249 1259 1793 1795 1267 
2034 1259 1793 1795 1267 921 1792 1794 1263 
2035 1788 1000 1716 1790 1793 1723 1729 1795 
2036 1793 1723 1729 1795 1792 1001 1726 1794 
2037 1249 1790 1770 952 1267 1795 1775 1260 
2038 1267 1795 1775 1260 1263 1794 1774 953 
2039 1790 1716 1004 1770 1795 1729 1722 1775 
2040 1795 1729 1722 1775 1794 1726 1005 1774 
2041 921 1792 1794 1263 1273 1797 1799 1281 
2042 1273 1797 1799 1281 922 1796 1798 1277 
2043 1792 1001 1726 1794 1797 1733 1739 1799 
2044 1797 1733 1739 1799 1796 1002 1736 1798 
2045 1263 1794 1774 953 1281 1799 1779 1274 
2046 1281 1799 1779 1274 1277 1798 1778 954 
2047 1794 1726 1005 1774 1799 1739 1732 1779 
2048 1799 1739 1732 1779 1798 1736 1006 1778 
2049 922 1796 1798 1277 1287 1800 1801 1291 
2050 1287 1800 1801 1291 767 867 868 815 
2051 1796 1002 1736 1798 1800 1743 1746 1801 
2052 1800 1743 1746 1801 867 787 860 868 
2053 1277 1798 1778 954 1291 1801 1782 1288 
2054 1291 1801 1782 1288 815 868 865 775 
2055 1798 1736 1006 1778 1801 1746 1742 1782 
2056 1801 1746 1742 1782 868 860 788 865 
2057 24 270 273 23 414 1807 1811 416 
2058 414 1807 1811 416 336 1804 1810 415 
2059 270 190 271 273 1807 1802 1808 1811 
2060 1807 1802 1808 1811 1804 1007 1805 1810 
2061 23 273 272 22 416 1811 1809 400 
2062 416 1811 1809 400 415 1810 1806 332 
2063 273 271 192 272 1811 1808 1803 1809 
2064 1811 1808 1803 1809 1810 1805 1015 1806 
2065 336 1804 1810 415 417 1817 1821 419 
2066 417 1817 1821 419 337 1814 1820 418 
2067 1804 1007 1805 1810 1817 1812 1818 1821 
2068 1817 1812 1818 1821 1814 1008 1815 1820 
2069 415 1810 1806 332 419 1821 1819 403 
2070 419 1821 1819 403 418 1820 1816 333 
2071 1810 1805 1015 1806 1821 1818 1813 1819 
2072 1821 1818 1813 1819 1820 1815 1016 1816 
2073 337 1814 1820 418 420 1827 1831 422 
2074 420 1827 1831 422 338 1824 1830 421 
2075 1814 1008 1815 1820 1827 1822 1828 1831 
2076 1827 1822 1828 1831 1824 1009 1825 1830 
2077 418 1820 1816 333 422 1831 1829 406 
2078 422 1831 1829 406 421 1830 1826 334 
2079 1820 1815 1016 1816 1831 1828 1823 1829 
2080 1831 1828 1823 1829 1830 1825 1017 1826 
2081 338 1824 1830 421 423 1837 1841 425 
2082 423 1837 1841 425 339 1834 1840 424 
2083 1824 1009 1825 1830 1837 1832 1838 1841 
2084 1837 1832 1838 1841 1834 1010 1835 1840 
2085 421 1830 1826 334 425 1841 1839 409 
2086 425 1841 1839 409 424 1840 1836 335 
2087 1830 1825 1017 1826 1841 1838 1833 1839 
2088 1841 1838 1833 1839 1840 1835 1018 1836 
2089 339 1834 1840 424 426 1844 1847 427 
2090 426 1844 1847 427 92 869 872 91 
2091 1834 1010 1835 1840 1844 1842 1845 1847 
2092 1844 1842 1845 1847 869 789 870 872 
2093 424 1840 1836 335 427 1847 1846 412 
2094 427 1847 1846 412 91 872 871 90 
2095 1840 1835 1018 1836 1847 1845 1843 1846 
2096 1847 1845 1843 1846 872 870 791 871 
2097 170 274 277 276 1117 1852 1856 1853 
2098 1117 1852 1856 1853 927 1849 1855 1850 
2099 274 191 275 277 1852 1848 1854 1856 
2100 1852 1848 1854 1856 1849 1011 1851 1855 
2101 276 277 271 190 1853 1856 1808 1802 
2102 1853 1856 1808 1802 1850 1855 1805 1007 
2103 277 275 192 271 1856 1854 1803 1808 
2104 1856 1854 1803 1808 1855 1851 1015 1805 
2105 927 1849 1855 1850 1124 1861 1865 1862 
2106 1124 1861 1865 1862 928 1858 1864 1859 
2107 1849 1011 1851 1855 1861 1857 1863 1865 
2108 1861 1857 1863 1865 1858 1012 1860 1864 
2109 1850 1855 1805 1007 1862 1865 1818 1812 
2110 1862 1865 1818 1812 1859 1864 1815 1008 
2111 1855 1851 1015 1805 1865 1863 1813 1818 
2112 1865 1863 1813 1818 1864 1860 1016 1815 
2113 928 1858 1864 1859 1131 1870 1874 1871 
2114 1131 1870 1874 1871 929 1867 1873 1868 
2115 1858 1012 1860 1864 1870 1866 1872 1874 
2116 1870 1866 1872 1874 1867 1013 1869 1873 
2117 1859 1864 1815 1008 1871 1874 1828 1822 
2118 1871 1874 1828 1822 1868 1873 1825 1009 
2119 1864 1860 1016 1815 1874 1872 1823 1828 
2120 1874 1872 1823 1828 1873 1869 1017 1825 
2121 929 1867 1873 1868 1138 1879 1883 1880 
2122 1138 1879 1883 1880 930 1876 1882 1877 
2123 1867 1013 1869 1873 1879 1875 1881 1883 
2124 1879 1875 1881 1883 1876 1014 1878 1882 
2125 1868 1873 1825 1009 1880 1883 1838 1832 
2126 1880 1883 1838 1832 1877 1882 1835 1010 
2127 1873 1869 1017 1825 1883 1881 1833 1838 
2128 1883 1881 1833 1838 1882 1878 1018 1835 
2129 930 1876 1882 1877 1145 1885 1888 1886 
2130 1145 1885 1888 1886 769 873 876 875 
2131 1876 1014 1878 1882 1885 1884 1887 1888 
2132 1885 1884 1887 1888 873 790 874 876 
2133 1877 1882 1835 1010 1886 1888 1845 1842 
2134 1886 1888 1845 1842 875 876 870 789 
2135 1882 1878 1018 1835 1888 1887 1843 1845 
2136 1888 1887 1843 1845 876 874 791 870 
2137 168 232 280 279 1231 1406 1894 1891 
2138 1231 1406 1894 1891 919 1405 1893 1889 
2139 232 179 278 280 1406 1373 1892 1894 
2140 1406 1373 1892 1894 1405 963 1890 1893 
2141 279 280 275 191 1891 1894 1854 1848 
2142 1891 1894 1854 1848 1889 1893 1851 1011 
2143 280 278 192 275 1894 1892 1803 1854 
2144 1894 1892 1803 1854 1893 1890 1015 1851 
2145 919 1405 1893 1889 1245 1410 1900 1897 
2146 1245 1410 1900 1897 920 1409 1899 1895 
2147 1405 963 1890 1893 1410 1380 1898 1900 
2148 1410 1380 1898 1900 1409 964 1896 1899 
2149 1889 1893 1851 1011 1897 1900 1863 1857 
2150 1897 1900 1863 1857 1895 1899 1860 1012 
2151 1893 1890 1015 1851 1900 1898 1813 1863 
2152 1900 1898 1813 1863 1899 1896 1016 1860 
2153 920 1409 1899 1895 1259 1414 1906 1903 
2154 1259 1414 1906 1903 921 1413 1905 1901 
2155 1409 964 1896 1899 1414 1387 1904 1906 
2156 1414 1387 1904 1906 1413 965 1902 1905 
2157 1895 1899 1860 1012 1903 1906 1872 1866 
2158 1903 1906 1872 1866 1901 1905 1869 1013 
2159 1899 1896 1016 1860 1906 1904 1823 1872 
2160 1906 1904 1823 1872 1905 1902 1017 1869 
2161 921 1413 1905 1901 1273 1418 1912 1909 
2162 1273 1418 1912 1909 922 1417 1911 1907 
2163 1413 965 1902 1905 1418 1394 1910 1912 
2164 1418 1394 1910 1912 1417 966 1908 1911 
2165 1901 1905 1869 1013 1909 1912 1881 1875 
2166 1909 1912 1881 1875 1907 1911 1878 1014 
2167 1905 1902 1017 1869 1912 1910 1833 1881 
2168 1912 1910 1833 1881 1911 1908 1018 1878 
2169 922 1417 1911 1907 1287 1421 1915 1913 
2170 1287 1421 1915 1913 767 831 879 878 
2171 1417 966 1908 1911 1421 1401 1914 1915 
2172 1421 1401 1914 1915 831 778 877 879 
2173 1907 1911 1878 1014 1913 1915 1887 1884 
2174 1913 1915 1887 1884 878 879 874 790 
2175 1911 1908 1018 1878 1915 1914 1843 1887 
2176 1915 1914 1843 1887 879 877 791 874 
2177 20 21 281 229 386 402 1917 1376 
2178 386 402 1917 1376 328 401 1916 1374 
2179 21 22 272 281 402 400 1809 1917 
2180 402 400 1809 1917 401 332 1806 1916 
2181 229 281 278 179 1376 1917 1892 1373 
2182 1376 1917 1892 1373 1374 1916 1890 963 
2183 281 272 192 278 1917 1809 1803 1892 
2184 1917 1809 1803 1892 1916 1806 1015 1890 
2185 328 401 1916 1374 389 405 1919 1383 
2186 389 405 1919 1383 329 404 1918 1381 
2187 401 332 1806 1916 405 403 1819 1919 
2188 405 403 1819 1919 404 333 1816 1918 
2189 1374 1916 1890 963 1383 1919 1898 1380 
2190 1383 1919 1898 1380 1381 1918 1896 964 
2191 1916 1806 1015 1890 1919 1819 1813 1898 
2192 1919 1819 1813 1898 1918 1816 1016 1896 
2193 329 404 1918 1381 392 408 1921 1390 
2194 392 408 1921 1390 330 407 1920 1388 
2195 404 333 1816 1918 408 406 1829 1921 
2196 408 406 1829 1921 407 334 1826 1920 
2197 1381 1918 1896 964 1390 1921 1904 1387 
2198 1390 1921 1904 1387 1388 1920 1902 965 
2199 1918 1816 1016 1896 1921 1829 1823 1904 
2200 1921 1829 1823 1904 1920 1826 1017 1902 
2201 330 407 1920 1388 395 411 1923 1397 
2202 395 411 1923 1397 331 410 1922 1395 
2203 407 334 1826 1920 411 409 1839 1923 
2204 411 409 1839 1923 410 335 1836 1922 
2205 1388 1920 1902 965 1397 1923 1910 1394 
2206 1397 1923 1910 1394 1395 1922 1908 966 
2207 1920 1826 1017 1902 1923 1839 1833 1910 
2208 1923 1839 1833 1910 1922 1836 1018 1908 
2209 331 410 1922 1395 398 413 1924 1402 
2210 398 413 1924 1402 88 89 880 828 
2211 410 335 1836 1922 413 412 1846 1924 
2212 413 412 1846 1924 89 90 871 880 
2213 1395 1922 1908 966 1402 1924 1914 1401 
2214 1402 1924 1914 1401 828 880 877 778 
2215 1922 1836 1018 1908 1924 1846 1843 1914 
2216 1924 1846 1843 1914 880 871 791 877 
2217 39 282 285 202 549 1930 1934 1088 
2218 549 1930 1934 1088 471 1927 1933 1086 
2219 282 193 283 285 1930 1925 1931 1934 
2220 1930 1925 1931 1934 1927 1019 1928 1933 
2221 202 285 284 171 1088 1934 1932 1085 
2222 1088 1934 1932 1085 1086 1933 1929 931 
2223 285 283 194 284 1934 1931 1926 1932 
2224 1934 1931 1926 1932 1933 1928 1023 1929 
2225 471 1927 1933 1086 552 1940 1944 1095 
2226 552 1940 1944 1095 472 1937 1943 1093 
2227 1927 1019 1928 1933 1940 1935 1941 1944 
2228 1940 1935 1941 1944 1937 1020 1938 1943 
2229 1086 1933 1929 931 1095 1944 1942 1092 
2230 1095 1944 1942 1092 1093 1943 1939 932 
2231 1933 1928 1023 1929 1944 1941 1936 1942 
2232 1944 1941 1936 1942 1943 1938 1024 1939 
2233 472 1937 1943 1093 555 1950 1954 1102 
2234 555 1950 1954 1102 473 1947 1953 1100 
2235 1937 1020 1938 1943 1950 1945 1951 1954 
2236 1950 1945 1951 1954 1947 1021 1948 1953 
2237 1093 1943 1939 932 1102 1954 1952 1099 
2238 1102 1954 1952 1099 1100 1953 1949 933 
2239 1943 1938 1024 1939 1954 1951 1946 1952 
2240 1954 1951 1946 1952 1953 1948 1025 1949 
2241 473 1947 1953 1100 558 1960 1964 1109 
2242 558 1960 1964 1109 474 1957 1963 1107 
2243 1947 1021 1948 1953 1960 1955 1961 1964 
2244 1960 1955 1961 1964 1957 1022 1958 1963 
2245 1100 1953 1949 933 1109 1964 1962 1106 
2246 1109 1964 1962 1106 1107 1963 1959 934 
2247 1953 1948 1025 1949 1964 1961 1956 1962 
2248 1964 1961 1956 1962 1963 1958 1026 1959 
2249 474 1957 1963 1107 561 1967 1970 1114 
2250 561 1967 1970 1114 116 881 884 801 
2251 1957 1022 1958 1963 1967 1965 1968 1970 
2252 1967 1965 1968 1970 881 792 882 884 
2253 1107 1963 1959 934 1114 1970 1969 1113 
2254 1114 1970 1969 1113 801 884 883 770 
2255 1963 1958 1026 1959 1970 1968 1966 1969 
2256 1970 1968 1966 1969 884 882 793 883 
2257 169 262 288 287 1547 1707 1976 1973 
2258 1547 1707 1976 1973 923 1704 1975 1971 
2259 262 188 286 288 1707 1703 1974 1976 
2260 1707 1703 1974 1976 1704 999 1972 1975 
2261 287 288 283 193 1973 1976 1931 1925 
2262 1973 1976 1931 1925 1971 1975 1928 1019 
2263 288 286 194 283 1976 1974 1926 1931 
2264 1976 1974 1926 1931 1975 1972 1023 1928 
2265 923 1704 1975 1971 1554 1717 1982 1979 
2266 1554 1717 1982 1979 924 1714 1981 1977 
2267 1704 999 1972 1975 1717 1713 1980 1982 
2268 1717 1713 1980 1982 1714 1000 1978 1981 
2269 1971 1975 1928 1019 1979 1982 1941 1935 
2270 1979 1982 1941 1935 1977 1981 1938 1020 
2271 1975 1972 1023 1928 1982 1980 1936 1941 
2272 1982 1980 1936 1941 1981 1978 1024 1938 
2273 924 1714 1981 1977 1561 1727 1988 1985 
2274 1561 1727 1988 1985 925 1724 1987 1983 
2275 1714 1000 1978 1981 1727 1723 1986 1988 
2276 1727 1723 1986 1988 1724 1001 1984 1987 
2277 1977 1981 1938 1020 1985 1988 1951 1945 
2278 1985 1988 1951 1945 1983 1987 1948 1021 
2279 1981 1978 1024 1938 1988 1986 1946 1951 
2280 1988 1986 1946 1951 1987 1984 1025 1948 
2281 925 1724 1987 1983 1568 1737 1994 1991 
2282 1568 1737 1994 1991 926 1734 1993 1989 
2283 1724 1001 1984 1987 1737 1733 1992 1994 
2284 1737 1733 1992 1994 1734 1002 1990 1993 
2285 1983 1987 1948 1021 1991 1994 1961 1955 
2286 1991 1994 1961 1955 1989 1993 1958 1022 
2287 1987 1984 1025 1948 1994 1992 1956 1961 
2288 1994 1992 1956 1961 1993 1990 1026 1958 
2289 926 1734 1993 1989 1575 1744 1997 1995 
2290 1575 1744 1997 1995 768 861 887 886 
2291 1734 1002 1990 1993 1744 1743 1996 1997 
2292 1744 1743 1996 1997 861 787 885 887 
2293 1989 1993 1958 1022 1995 1997 1968 1965 
2294 1995 1997 1968 1965 886 887 882 792 
2295 1993 1990 1026 1958 1997 1996 1966 1968 
2296 1997 1996 1966 1968 887 885 793 882 
2297 168 279 290 268 1231 1891 2001 1785 
2298 1231 1891 2001 1785 919 1889 2000 1784 
2299 279 191 289 290 1891 1848 1999 2001 
2300 1891 1848 1999 2001 1889 1011 1998 2000 
2301 268 290 286 188 1785 2001 1974 1703 
2302 1785 2001 1974 1703 1784 2000 1972 999 
2303 290 289 194 286 2001 1999 1926 1974 
2304 2001 1999 1926 1974 2000 1998 1023 1972 
2305 919 1889 2000 1784 1245 1897 2005 1789 
2306 1245 1897 2005 1789 920 1895 2004 1788 
2307 1889 1011 1998 2000 1897 1857 2003 2005 
2308 1897 1857 2003 2005 1895 1012 2002 2004 
2309 1784 2000 1972 999 1789 2005 1980 1713 
2310 1789 2005 1980 1713 1788 2004 1978 1000 
2311 2000 1998 1023 1972 2005 2003 1936 1980 
2312 2005 2003 1936 1980 2004 2002 1024 1978 
2313 920 1895 2004 1788 1259 1903 2009 1793 
2314 1259 1903 2009 1793 921 1901 2008 1792 
2315 1895 1012 2002 2004 1903 1866 2007 2009 
2316 1903 1866 2007 2009 1901 1013 2006 2008 
2317 1788 2004 1978 1000 1793 2009 1986 1723 
2318 1793 2009 1986 1723 1792 2008 1984 1001 
2319 2004 2002 1024 1978 2009 2007 1946 1986 
2320 2009 2007 1946 1986 2008 2006 1025 1984 
2321 921 1901 2008 1792 1273 1909 2013 1797 
2322 1273 1909 2013 1797 922 1907 2012 1796 
2323 1901 1013 2006 2008 1909 1875 2011 2013 
2324 1909 1875 2011 2013 1907 1014 2010 2012 
2325 1792 2008 1984 1001 1797 2013 1992 1733 
2326 1797 2013 1992 1733 1796 2012 1990 1002 
2327 2008 2006 1025 1984 2013 2011 1956 1992 
2328 2013 2011 1956 1992 2012 2010 1026 1990 
2329 922 1907 2012 1796 1287 1913 2015 1800 
2330 1287 1913 2015 1800 767 878 889 867 
2331 1907 1014 2010 2012 1913 1884 2014 2015 
2332 1913 1884 2014 2015 878 790 888 889 
2333 1796 2012 1990 1002 1800 2015 1996 1743 
2334 1800 2015 1996 1743 867 889 885 787 
2335 2012 2010 1026 1990 2015 2014 1966 1996 
2336 2015 2014 1966 1996 889 888 793 885 
2337 170 206 291 274 1117 1121 2017 1852 
2338 1117 1121 2017 1852 927 1119 2016 1849 
2339 206 171 284 291 1121 1085 1932 2017 
2340 1121 1085 1932 2017 1119 931 1929 2016 
2341 274 291 289 191 1852 2017 1999 1848 
2342 1852 2017 1999 1848 1849 2016 1998 1011 
2343 291 284 194 289 2017 1932 1926 1999 
2344 2017 1932 1926 1999 2016 1929 1023 1998 
2345 927 1119 2016 1849 1124 1128 2019 1861 
2346 1124 1128 2019 1861 928 1126 2018 1858 
2347 1119 931 1929 2016 1128 1092 1942 2019 
2348 1128 1092 1942 2019 1126 932 1939 2018 
2349 1849 2016 1998 1011 1861 2019 2003 1857 
2350 1861 2019 2003 1857 1858 2018 2002 1012 
2351 2016 1929 1023 1998 2019 1942 1936 2003 
2352 2019 1942 1936 2003 2018 1939 1024 2002 
2353 928 1126 2018 1858 1131 1135 2021 1870 
2354 1131 1135 2021 1870 929 1133 2020 1867 
2355 1126 932 1939 2018 1135 1099 1952 2021 
2356 1135 1099 1952 2021 1133 933 1949 2020 
2357 1858 2018 2002 1012 1870 2021 2007 1866 
2358 1870 2021 2007 1866 1867 2020 2006 1013 
2359 2018 1939 1024 2002 2021 1952 1946 2007 
2360 2021 1952 1946 2007 2020 1949 1025 2006 
2361 929 1133 2020 1867 1138 1142 2023 1879 
2362 1138 1142 2023 1879 930 1140 2022 1876 
2363 1133 933 1949 2020 1142 1106 1962 2023 
2364 1142 1106 1962 2023 1140 934 1959 2022 
2365 1867 2020 2006 1013 1879 2023 2011 1875 
2366 1879 2023 2011 1875 1876 2022 2010 1014 
2367 2020 1949 1025 2006 2023 1962 1956 2011 
2368 2023 1962 1956 2011 2022 1959 1026 2010 
2369 930 1140 2022 1876 1145 1147 2024 1885 
2370 1145 1147 2024 1885 769 805 890 873 
2371 1140 934 1959 2022 1147 1113 1969 2024 
2372 1147 1113 1969 2024 805 770 883 890 
2373 1876 2022 2010 1014 1885 2024 2014 1884 
2374 1885 2024 2014 1884 873 890 888 790 
2375 2022 1959 1026 2010 2024 1969 1966 2014 
2376 2024 1969 1966 2014 890 883 793 888 
2377 169 287 294 245 1547 1973 2031 1550 
2378 1547 1973 2031 1550 923 1971 2030 1548 
2379 287 193 292 294 1973 1925 2028 2031 
2380 1973 1925 2028 2031 1971 1019 2026 2030 
2381 245 294 293 183 1550 2031 2029 1426 
2382 1550 2031 2029 1426 1548 2030 2027 979 
2383 294 292 195 293 2031 2028 2025 2029 
2384 2031 2028 2025 2029 2030 2026 1027 2027 
2385 923 1971 2030 1548 1554 1979 2038 1557 
2386 1554 1979 2038 1557 924 1977 2037 1555 
2387 1971 1019 2026 2030 1979 1935 2035 2038 
2388 1979 1935 2035 2038 1977 1020 2033 2037 
2389 1548 2030 2027 979 1557 2038 2036 1440 
2390 1557 2038 2036 1440 1555 2037 2034 980 
2391 2030 2026 1027 2027 2038 2035 2032 2036 
2392 2038 2035 2032 2036 2037 2033 1028 2034 
2393 924 1977 2037 1555 1561 1985 2045 1564 
2394 1561 1985 2045 1564 925 1983 2044 1562 
2395 1977 1020 2033 2037 1985 1945 2042 2045 
2396 1985 1945 2042 2045 1983 1021 2040 2044 
2397 1555 2037 2034 980 1564 2045 2043 1454 
2398 1564 2045 2043 1454 1562 2044 2041 981 
2399 2037 2033 1028 2034 2045 2042 2039 2043 
2400 2045 2042 2039 2043 2044 2040 1029 2041 
2401 925 1983 2044 1562 1568 1991 2052 1571 
2402 1568 1991 2052 1571 926 1989 2051 1569 
2403 1983 1021 2040 2044 1991 1955 2049 2052 
2404 1991 1955 2049 2052 1989 1022 2047 2051 
2405 1562 2044 2041 981 1571 2052 2050 1468 
2406 1571 2052 2050 1468 1569 2051 2048 982 
2407 2044 2040 1029 2041 2052 2049 2046 2050 
2408 2052 2049 2046 2050 2051 2047 1030 2048 
2409 926 1989 2051 1569 1575 1995 2056 1576 
2410 1575 1995 2056 1576 768 886 893 844 
2411 1989 1022 2047 2051 1995 1965 2054 2056 
2412 1995 1965 2054 2056 886 792 891 893 
2413 1569 2051 2048 982 1576 2056 2055 1482 
2414 1576 2056 2055 1482 844 893 892 782 
2415 2051 2047 1030 2048 2056 2054 2053 2055 
2416 2056 2054 2053 2055 893 891 794 892 
2417 39 40 296 282 549 565 2060 1930 
2418 549 565 2060 1930 471 564 2059 1927 
2419 40 41 295 296 565 563 2058 2060 
2420 565 563 2058 2060 564 475 2057 2059 
2421 282 296 292 193 1930 2060 2028 1925 
2422 1930 2060 2028 1925 1927 2059 2026 1019 
2423 296 295 195 292 2060 2058 2025 2028 
2424 2060 2058 2025 2028 2059 2057 1027 2026 
2425 471 564 2059 1927 552 568 2064 1940 
2426 552 568 2064 1940 472 567 2063 1937 
2427 564 475 2057 2059 568 566 2062 2064 
2428 568 566 2062 2064 567 476 2061 2063 
2429 1927 2059 2026 1019 1940 2064 2035 1935 
2430 1940 2064 2035 1935 1937 2063 2033 1020 
2431 2059 2057 1027 2026 2064 2062 2032 2035 
2432 2064 2062 2032 2035 2063 2061 1028 2033 
2433 472 567 2063 1937 555 571 2068 1950 
2434 555 571 2068 1950 473 570 2067 1947 
2435 567 476 2061 2063 571 569 2066 2068 
2436 571 569 2066 2068 570 477 2065 2067 
2437 1937 2063 2033 1020 1950 2068 2042 1945 
2438 1950 2068 2042 1945 1947 2067 2040 1021 
2439 2063 2061 1028 2033 2068 2066 2039 2042 
2440 2068 2066 2039 2042 2067 2065 1029 2040 
2441 473 570 2067 1947 558 574 2072 1960 
2442 558 574 2072 1960 474 573 2071 1957 
2443 570 477 2065 2067 574 572 2070 2072 
2444 574 572 2070 2072 573 478 2069 2071 
2445 1947 2067 2040 1021 1960 2072 2049 1955 
2446 1960 2072 2049 1955 1957 2071 2047 1022 
2447 2067 2065 1029 2040 2072 2070 2046 2049 
2448 2072 2070 2046 2049 2071 2069 1030 2047 
2449 474 573 2071 1957 561 576 2074 1967 
2450 561 576 2074 1967 116 117 895 881 
2451 573 478 2069 2071 576 575 2073 2074 
2452 576 575 2073 2074 117 118 894 895 
2453 1957 2071 2047 1022 1967 2074 2054 1965 
2454 1967 2074 2054 1965 881 895 891 792 
2455 2071 2069 1030 2047 2074 2073 2053 2054 
2456 2074 2073 2053 2054 895 894 794 891 
2457 3 257 298 42 96 1668 2078 578 
2458 96 1668 2078 578 97 1666 2077 577 
2459 257 186 297 298 1668 1625 2076 2078 
2460 1668 1625 2076 2078 1666 991 2075 2077 
2461 42 298 295 41 578 2078 2058 563 
2462 578 2078 2058 563 577 2077 2057 475 
2463 298 297 195 295 2078 2076 2025 2058 
2464 2078 2076 2025 2058 2077 2075 1027 2057 
2465 97 1666 2077 577 98 1674 2082 580 
2466 98 1674 2082 580 99 1672 2081 579 
2467 1666 991 2075 2077 1674 1634 2080 2082 
2468 1674 1634 2080 2082 1672 992 2079 2081 
2469 577 2077 2057 475 580 2082 2062 566 
2470 580 2082 2062 566 579 2081 2061 476 
2471 2077 2075 1027 2057 2082 2080 2032 2062 
2472 2082 2080 2032 2062 2081 2079 1028 2061 
2473 99 1672 2081 579 100 1680 2086 582 
2474 100 1680 2086 582 101 1678 2085 581 
2475 1672 992 2079 2081 1680 1643 2084 2086 
2476 1680 1643 2084 2086 1678 993 2083 2085 
2477 579 2081 2061 476 582 2086 2066 569 
2478 582 2086 2066 569 581 2085 2065 477 
2479 2081 2079 1028 2061 2086 2084 2039 2066 
2480 2086 2084 2039 2066 2085 2083 1029 2065 
2481 101 1678 2085 581 102 1686 2090 584 
2482 102 1686 2090 584 103 1684 2089 583 
2483 1678 993 2083 2085 1686 1652 2088 2090 
2484 1686 1652 2088 2090 1684 994 2087 2089 
2485 581 2085 2065 477 584 2090 2070 572 
2486 584 2090 2070 572 583 2089 2069 478 
2487 2085 2083 1029 2065 2090 2088 2046 2070 
2488 2090 2088 2046 2070 2089 2087 1030 2069 
2489 103 1684 2089 583 104 1690 2092 585 
2490 104 1690 2092 585 9 856 897 119 
2491 1684 994 2087 2089 1690 1661 2091 2092 
2492 1690 1661 2091 2092 856 785 896 897 
2493 583 2089 2069 478 585 2092 2073 575 
2494 585 2092 2073 575 119 897 894 118 
2495 2089 2087 1030 2069 2092 2091 2053 2073 
2496 2092 2091 2053 2073 897 896 794 894 
2497 167 237 299 252 1423 1432 2094 1629 
2498 1423 1432 2094 1629 915 1428 2093 1626 
2499 237 183 293 299 1432 1426 2029 2094 
2500 1432 1426 2029 2094 1428 979 2027 2093 
2501 252 299 297 186 1629 2094 2076 1625 
2502 1629 2094 2076 1625 1626 2093 2075 991 
2503 299 293 195 297 2094 2029 2025 2076 
2504 2094 2029 2025 2076 2093 2027 1027 2075 
2505 915 1428 2093 1626 1437 1446 2096 1638 
2506 1437 1446 2096 1638 916 1442 2095 1635 
2507 1428 979 2027 2093 1446 1440 2036 2096 
2508 1446 1440 2036 2096 1442 980 2034 2095 
2509 1626 2093 2075 991 1638 2096 2080 1634 
2510 1638 2096 2080 1634 1635 2095 2079 992 
2511 2093 2027 1027 2075 2096 2036 2032 2080 
2512 2096 2036 2032 2080 2095 2034 1028 2079 
2513 916 1442 2095 1635 1451 1460 2098 1647 
2514 1451 1460 2098 1647 917 1456 2097 1644 
2515 1442 980 2034 2095 1460 1454 2043 2098 
2516 1460 1454 2043 2098 1456 981 2041 2097 
2517 1635 2095 2079 992 1647 2098 2084 1643 
2518 1647 2098 2084 1643 1644 2097 2083 993 
2519 2095 2034 1028 2079 2098 2043 2039 2084 
2520 2098 2043 2039 2084 2097 2041 1029 2083 
2521 917 1456 2097 1644 1465 1474 2100 1656 
2522 1465 1474 2100 1656 918 1470 2099 1653 
2523 1456 981 2041 2097 1474 1468 2050 2100 
2524 1474 1468 2050 2100 1470 982 2048 2099 
2525 1644 2097 2083 993 1656 2100 2088 1652 
2526 1656 2100 2088 1652 1653 2099 2087 994 
2527 2097 2041 1029 2083 2100 2050 2046 2088 
2528 2100 2050 2046 2088 2099 2048 1030 2087 
2529 918 1470 2099 1653 1479 1484 2101 1662 
2530 1479 1484 2101 1662 766 836 898 851 
2531 1470 982 2048 2099 1484 1482 2055 2101 
2532 1484 1482 2055 2101 836 782 892 898 
2533 1653 2099 2087 994 1662 2101 2091 1661 
2534 1662 2101 2091 1661 851 898 896 785 
2535 2099 2048 1030 2087 2101 2055 2053 2091 
2536 2101 2055 2053 2091 898 892 794 896 
2537 55 240 302 54 701 1490 2108 703 
2538 701 1490 2108 703 671 1488 2107 702 
2539 240 181 300 302 1490 1424 2105 2108 
2540 1490 1424 2105 2108 1488 971 2103 2107 
2541 54 302 301 53 703 2108 2106 687 
2542 703 2108 2106 687 702 2107 2104 667 
2543 302 300 196 301 2108 2105 2102 2106 
2544 2108 2105 2102 2106 2107 2103 1031 2104 
2545 671 1488 2107 702 704 1496 2115 706 
2546 704 1496 2115 706 672 1494 2114 705 
2547 1488 971 2103 2107 1496 1438 2112 2115 
2548 1496 1438 2112 2115 1494 972 2110 2114 
2549 702 2107 2104 667 706 2115 2113 690 
2550 706 2115 2113 690 705 2114 2111 668 
2551 2107 2103 1031 2104 2115 2112 2109 2113 
2552 2115 2112 2109 2113 2114 2110 1032 2111 
2553 672 1494 2114 705 707 1502 2122 709 
2554 707 1502 2122 709 673 1500 2121 708 
2555 1494 972 2110 2114 1502 1452 2119 2122 
2556 1502 1452 2119 2122 1500 973 2117 2121 
2557 705 2114 2111 668 709 2122 2120 693 
2558 709 2122 2120 693 708 2121 2118 669 
2559 2114 2110 1032 2111 2122 2119 2116 2120 
2560 2122 2119 2116 2120 2121 2117 1033 2118 
2561 673 1500 2121 708 710 1508 2129 712 
2562 710 1508 2129 712 674 1506 2128 711 
2563 1500 973 2117 2121 1508 1466 2126 2129 
2564 1508 1466 2126 2129 1506 974 2124 2128 
2565 708 2121 2118 669 712 2129 2127 696 
2566 712 2129 2127 696 711 2128 2125 670 
2567 2121 2117 1033 2118 2129 2126 2123 2127 
2568 2129 2126 2123 2127 2128 2124 1034 2125 
2569 674 1506 2128 711 713 1512 2133 714 
2570 713 1512 2133 714 159 839 901 158 
2571 1506 974 2124 2128 1512 1480 2131 2133 
2572 1512 1480 2131 2133 839 780 899 901 
2573 711 2128 2125 670 714 2133 2132 699 
2574 714 2133 2132 699 158 901 900 157 
2575 2128 2124 1034 2125 2133 2131 2130 2132 
2576 2133 2131 2130 2132 901 899 795 900 
2577 167 254 304 234 1423 1630 2137 1431 
2578 1423 1630 2137 1431 915 1627 2136 1427 
2579 254 185 303 304 1630 1579 2135 2137 
2580 1630 1579 2135 2137 1627 987 2134 2136 
2581 234 304 300 181 1431 2137 2105 1424 
2582 1431 2137 2105 1424 1427 2136 2103 971 
2583 304 303 196 300 2137 2135 2102 2105 
2584 2137 2135 2102 2105 2136 2134 1031 2103 
2585 915 1627 2136 1427 1437 1639 2141 1445 
2586 1437 1639 2141 1445 916 1636 2140 1441 
2587 1627 987 2134 2136 1639 1589 2139 2141 
2588 1639 1589 2139 2141 1636 988 2138 2140 
2589 1427 2136 2103 971 1445 2141 2112 1438 
2590 1445 2141 2112 1438 1441 2140 2110 972 
2591 2136 2134 1031 2103 2141 2139 2109 2112 
2592 2141 2139 2109 2112 2140 2138 1032 2110 
2593 916 1636 2140 1441 1451 1648 2145 1459 
2594 1451 1648 2145 1459 917 1645 2144 1455 
2595 1636 988 2138 2140 1648 1599 2143 2145 
2596 1648 1599 2143 2145 1645 989 2142 2144 
2597 1441 2140 2110 972 1459 2145 2119 1452 
2598 1459 2145 2119 1452 1455 2144 2117 973 
2599 2140 2138 1032 2110 2145 2143 2116 2119 
2600 2145 2143 2116 2119 2144 2142 1033 2117 
2601 917 1645 2144 1455 1465 1657 2149 1473 
2602 1465 1657 2149 1473 918 1654 2148 1469 
2603 1645 989 2142 2144 1657 1609 2147 2149 
2604 1657 1609 2147 2149 1654 990 2146 2148 
2605 1455 2144 2117 973 1473 2149 2126 1466 
2606 1473 2149 2126 1466 1469 2148 2124 974 
2607 2144 2142 1033 2117 2149 2147 2123 2126 
2608 2149 2147 2123 2126 2148 2146 1034 2124 
2609 918 1654 2148 1469 1479 1663 2151 1483 
2610 1479 1663 2151 1483 766 853 903 833 
2611 1654 990 2146 2148 1663 1619 2150 2151 
2612 1663 1619 2150 2151 853 784 902 903 
2613 1469 2148 2124 974 1483 2151 2131 1480 
2614 1483 2151 2131 1480 833 903 899 780 
2615 2148 2146 1034 2124 2151 2150 2130 2131 
2616 2151 2150 2130 2131 903 902 795 899 
2617 5 49 306 248 132 646 2155 1584 
2618 132 646 2155 1584 133 645 2154 1581 
2619 49 50 305 306 646 644 2153 2155 
2620 646 644 2153 2155 645 640 2152 2154 
2621 248 306 303 185 1584 2155 2135 1579 
2622 1584 2155 2135 1579 1581 2154 2134 987 
2623 306 305 196 303 2155 2153 2102 2135 
2624 2155 2153 2102 2135 2154 2152 1031 2134 
2625 133 645 2154 1581 134 649 2159 1594 
2626 134 649 2159 1594 135 648 2158 1591 
2627 645 640 2152 2154 649 647 2157 2159 
2628 649 647 2157 2159 648 641 2156 2158 
2629 1581 2154 2134 987 1594 2159 2139 1589 
2630 1594 2159 2139 1589 1591 2158 2138 988 
2631 2154 2152 1031 2134 2159 2157 2109 2139 
2632 2159 2157 2109 2139 2158 2156 1032 2138 
2633 135 648 2158 1591 136 652 2163 1604 
2634 136 652 2163 1604 137 651 2162 1601 
2635 648 641 2156 2158 652 650 2161 2163 
2636 652 650 2161 2163 651 642 2160 2162 
2637 1591 2158 2138 988 1604 2163 2143 1599 
2638 1604 2163 2143 1599 1601 2162 2142 989 
2639 2158 2156 1032 2138 2163 2161 2116 2143 
2640 2163 2161 2116 2143 2162 2160 1033 2142 
2641 137 651 2162 1601 138 655 2167 1614 
2642 138 655 2167 1614 139 654 2166 1611 
2643 651 642 2160 2162 655 653 2165 2167 
2644 655 653 2165 2167 654 643 2164 2166 
2645 1601 2162 2142 989 1614 2167 2147 1609 
2646 1614 2167 2147 1609 1611 2166 2146 990 
2647 2162 2160 1033 2142 2167 2165 2123 2147 
2648 2167 2165 2123 2147 2166 2164 1034 2146 
2649 139 654 2166 1611 140 657 2169 1621 
2650 140 657 2169 1621 11 153 905 847 
2651 654 643 2164 2166 657 656 2168 2169 
2652 657 656 2168 2169 153 154 904 905 
2653 1611 2166 2146 990 1621 2169 2150 1619 
2654 1621 2169 2150 1619 847 905 902 784 
2655 2166 2164 1034 2146 2169 2168 2130 2150 
2656 2169 2168 2130 2150 905 904 795 902 
2657 6 52 307 51 144 689 2171 659 
2658 144 689 2171 659 145 688 2170 658 
2659 52 53 301 307 689 687 2106 2171 
2660 689 687 2106 2171 688 667 2104 2170 
2661 51 307 305 50 659 2171 2153 644 
2662 659 2171 2153 644 658 2170 2152 640 
2663 307 301 196 305 2171 2106 2102 2153 
2664 2171 2106 2102 2153 2170 2104 1031 2152 
2665 145 688 2170 658 146 692 2173 661 
2666 146 692 2173 661 147 691 2172 660 
2667 688 667 2104 2170 692 690 2113 2173 
2668 692 690 2113 2173 691 668 2111 2172 
2669 658 2170 2152 640 661 2173 2157 647 
2670 661 2173 2157 647 660 2172 2156 641 
2671 2170 2104 1031 2152 2173 2113 2109 2157 
2672 2173 2113 2109 2157 2172 2111 1032 2156 
2673 147 691 2172 660 148 695 2175 663 
2674 148 695 2175 663 149 694 2174 662 
2675 691 668 2111 2172 695 693 2120 2175 
2676 695 693 2120 2175 694 669 2118 2174 
2677 660 2172 2156 641 663 2175 2161 650 
2678 663 2175 2161 650 662 2174 2160 642 
2679 2172 2111 1032 2156 2175 2120 2116 2161 
2680 2175 2120 2116 2161 2174 2118 1033 2160 
2681 149 694 2174 662 150 698 2177 665 
2682 150 698 2177 665 151 697 2176 664 
2683 694 669 2118 2174 698 696 2127 2177 
2684 698 696 2127 2177 697 670 2125 2176 
2685 662 2174 2160 642 665 2177 2165 653 
2686 665 2177 2165 653 664 2176 2164 643 
2687 2174 2118 1033 2160 2177 2127 2123 2165 
2688 2177 2127 2123 2165 2176 2125 1034 2164 
2689 151 697 2176 664 152 700 2178 666 
2690 152 700 2178 666 12 156 906 155 
2691 697 670 2125 2176 700 699 2132 2178 
2692 700 699 2132 2178 156 157 900 906 
2693 664 2176 2164 643 666 2178 2168 656 
2694 666 2178 2168 656 155 906 904 154 
2695 2176 2125 1034 2164 2178 2132 2130 2168 
2696 2178 2132 2130 2168 906 900 795 904 
2697 2 28 310 27 72 481 2185 443 
2698 72 481 2185 443 73 480 2184 442 
2699 28 29 308 310 481 479 2182 2185 
2700 481 479 2182 2185 480 451 2180 2184 
2701 27 310 309 26 443 2185 2183 428 
2702 443 2185 2183 428 442 2184 2181 340 
2703 310 308 197 309 2185 2182 2179 2183 
2704 2185 2182 2179 2183 2184 2180 1035 2181 
2705 73 480 2184 442 74 484 2192 445 
2706 74 484 2192 445 75 483 2191 444 
2707 480 451 2180 2184 484 482 2189 2192 
2708 484 482 2189 2192 483 452 2187 2191 
2709 442 2184 2181 340 445 2192 2190 431 
2710 445 2192 2190 431 444 2191 2188 341 
2711 2184 2180 1035 2181 2192 2189 2186 2190 
2712 2192 2189 2186 2190 2191 2187 1036 2188 
2713 75 483 2191 444 76 487 2199 447 
2714 76 487 2199 447 77 486 2198 446 
2715 483 452 2187 2191 487 485 2196 2199 
2716 487 485 2196 2199 486 453 2194 2198 
2717 444 2191 2188 341 447 2199 2197 434 
2718 447 2199 2197 434 446 2198 2195 342 
2719 2191 2187 1036 2188 2199 2196 2193 2197 
2720 2199 2196 2193 2197 2198 2194 1037 2195 
2721 77 486 2198 446 78 490 2206 449 
2722 78 490 2206 449 79 489 2205 448 
2723 486 453 2194 2198 490 488 2203 2206 
2724 490 488 2203 2206 489 454 2201 2205 
2725 446 2198 2195 342 449 2206 2204 437 
2726 449 2206 2204 437 448 2205 2202 343 
2727 2198 2194 1037 2195 2206 2203 2200 2204 
2728 2206 2203 2200 2204 2205 2201 1038 2202 
2729 79 489 2205 448 80 492 2210 450 
2730 80 492 2210 450 8 105 909 95 
2731 489 454 2201 2205 492 491 2208 2210 
2732 492 491 2208 2210 105 106 907 909 
2733 448 2205 2202 343 450 2210 2209 440 
2734 450 2210 2209 440 95 909 908 94 
2735 2205 2201 1038 2202 2210 2208 2207 2209 
2736 2210 2208 2207 2209 909 907 796 908 
2737 31 213 312 30 493 1197 2214 495 
2738 493 1197 2214 495 455 1195 2213 494 
2739 213 174 311 312 1197 1149 2212 2214 
2740 1197 1149 2212 2214 1195 943 2211 2213 
2741 30 312 308 29 495 2214 2182 479 
2742 495 2214 2182 479 494 2213 2180 451 
2743 312 311 197 308 2214 2212 2179 2182 
2744 2214 2212 2179 2182 2213 2211 1035 2180 
2745 455 1195 2213 494 496 1203 2218 498 
2746 496 1203 2218 498 456 1201 2217 497 
2747 1195 943 2211 2213 1203 1159 2216 2218 
2748 1203 1159 2216 2218 1201 944 2215 2217 
2749 494 2213 2180 451 498 2218 2189 482 
2750 498 2218 2189 482 497 2217 2187 452 
2751 2213 2211 1035 2180 2218 2216 2186 2189 
2752 2218 2216 2186 2189 2217 2215 1036 2187 
2753 456 1201 2217 497 499 1209 2222 501 
2754 499 1209 2222 501 457 1207 2221 500 
2755 1201 944 2215 2217 1209 1169 2220 2222 
2756 1209 1169 2220 2222 1207 945 2219 2221 
2757 497 2217 2187 452 501 2222 2196 485 
2758 501 2222 2196 485 500 2221 2194 453 
2759 2217 2215 1036 2187 2222 2220 2193 2196 
2760 2222 2220 2193 2196 2221 2219 1037 2194 
2761 457 1207 2221 500 502 1215 2226 504 
2762 502 1215 2226 504 458 1213 2225 503 
2763 1207 945 2219 2221 1215 1179 2224 2226 
2764 1215 1179 2224 2226 1213 946 2223 2225 
2765 500 2221 2194 453 504 2226 2203 488 
2766 504 2226 2203 488 503 2225 2201 454 
2767 2221 2219 1037 2194 2226 2224 2200 2203 
2768 2226 2224 2200 2203 2225 2223 1038 2201 
2769 458 1213 2225 503 505 1219 2228 506 
2770 505 1219 2228 506 108 812 911 107 
2771 1213 946 2223 2225 1219 1189 2227 2228 
2772 1219 1189 2227 2228 812 773 910 911 
2773 503 2225 2201 454 506 2228 2208 491 
2774 506 2228 2208 491 107 911 907 106 
2775 2225 2223 1038 2201 2228 2227 2207 2208 
2776 2228 2227 2207 2208 911 910 796 907 
2777 170 276 314 208 1117 1853 2232 1154 
2778 1117 1853 2232 1154 927 1850 2231 1151 
2779 276 190 313 314 1853 1802 2230 2232 
2780 1853 1802 2230 2232 1850 1007 2229 2231 
2781 208 314 311 174 1154 2232 2212 1149 
2782 1154 2232 2212 1149 1151 2231 2211 943 
2783 314 313 197 311 2232 2230 2179 2212 
2784 2232 2230 2179 2212 2231 2229 1035 2211 
2785 927 1850 2231 1151 1124 1862 2236 1164 
2786 1124 1862 2236 1164 928 1859 2235 1161 
2787 1850 1007 2229 2231 1862 1812 2234 2236 
2788 1862 1812 2234 2236 1859 1008 2233 2235 
2789 1151 2231 2211 943 1164 2236 2216 1159 
2790 1164 2236 2216 1159 1161 2235 2215 944 
2791 2231 2229 1035 2211 2236 2234 2186 2216 
2792 2236 2234 2186 2216 2235 2233 1036 2215 
2793 928 1859 2235 1161 1131 1871 2240 1174 
2794 1131 1871 2240 1174 929 1868 2239 1171 
2795 1859 1008 2233 2235 1871 1822 2238 2240 
2796 1871 1822 2238 2240 1868 1009 2237 2239 
2797 1161 2235 2215 944 1174 2240 2220 1169 
2798 1174 2240 2220 1169 1171 2239 2219 945 
2799 2235 2233 1036 2215 2240 2238 2193 2220 
2800 2240 2238 2193 2220 2239 2237 1037 2219 
2801 929 1868 2239 1171 1138 1880 2244 1184 
2802 1138 1880 2244 1184 930 1877 2243 1181 
2803 1868 1009 2237 2239 1880 1832 2242 2244 
2804 1880 1832 2242 2244 1877 1010 2241 2243 
2805 1171 2239 2219 945 1184 2244 2224 1179 
2806 1184 2244 2224 1179 1181 2243 2223 946 
2807 2239 2237 1037 2219 2244 2242 2200 2224 
2808 2244 2242 2200 2224 2243 2241 1038 2223 
2809 930 1877 2243 1181 1145 1886 2246 1191 
2810 1145 1886 2246 1191 769 875 913 807 
2811 1877 1010 2241 2243 1886 1842 2245 2246 
2812 1886 1842 2245 2246 875 789 912 913 
2813 1181 2243 2223 946 1191 2246 2227 1189 
2814 1191 2246 2227 1189 807 913 910 773 
2815 2243 2241 1038 2223 2246 2245 2207 2227 
2816 2246 2245 2207 2227 913 912 796 910 
2817 24 25 315 270 414 430 2248 1807 
2818 414 430 2248 1807 336 429 2247 1804 
2819 25 26 309 315 430 428 2183 2248 
2820 430 428 2183 2248 429 340 2181 2247 
2821 270 315 313 190 1807 2248 2230 1802 
2822 1807 2248 2230 1802 1804 2247 2229 1007 
2823 315 309 197 313 2248 2183 2179 2230 
2824 2248 2183 2179 2230 2247 2181 1035 2229 
2825 336 429 2247 1804 417 433 2250 1817 
2826 417 433 2250 1817 337 432 2249 1814 
2827 429 340 2181 2247 433 431 2190 2250 
2828 433 431 2190 2250 432 341 2188 2249 
2829 1804 2247 2229 1007 1817 2250 2234 1812 
2830 1817 2250 2234 1812 1814 2249 2233 1008 
2831 2247 2181 1035 2229 2250 2190 2186 2234 
2832 2250 2190 2186 2234 2249 2188 1036 2233 
2833 337 432 2249 1814 420 436 2252 1827 
2834 420 436 2252 1827 338 435 2251 1824 
2835 432 341 2188 2249 436 434 2197 2252 
2836 436 434 2197 2252 435 342 2195 2251 
2837 1814 2249 2233 1008 1827 2252 2238 1822 
2838 1827 2252 2238 1822 1824 2251 2237 1009 
2839 2249 2188 1036 2233 2252 2197 2193 2238 
2840 2252 2197 2193 2238 2251 2195 1037 2237 
2841 338 435 2251 1824 423 439 2254 1837 
2842 423 439 2254 1837 339 438 2253 1834 
2843 435 342 2195 2251 439 437 2204 2254 
2844 439 437 2204 2254 438 343 2202 2253 
2845 1824 2251 2237 1009 1837 2254 2242 1832 
2846 1837 2254 2242 1832 1834 2253 2241 1010 
2847 2251 2195 1037 2237 2254 2204 2200 2242 
2848 2254 2204 2200 2242 2253 2202 1038 2241 
2849 339 438 2253 1834 426 441 2255 1844 
2850 426 441 2255 1844 92 93 914 869 
2851 438 343 2202 2253 441 440 2209 2255 
2852 441 440 2209 2255 93 94 908 914 
2853 1834 2253 2241 1010 1844 2255 2245 1842 
2854 1844 2255 2245 1842 869 914 912 789 
2855 2253 2202 1038 2241 2255 2209 2207 2245 
2856 2255 2209 2207 2245 914 908 796 912 
$EndElements
